swetha k Nee ingayum wanthutiya homo 9 !! Homo ku over support ah irukke sari illaye ğŸ‘ğŸ½ un koodhiya kilicha taan sari,,,,,,,,,,,,,,,
Mohamed Ali unga hormones ah Ena iruku Adhu than bro Veliya Varum... vibathunu solringa illaya adhu epadi Ninga vibathunu solrinya endha lesbian r gay Vanthu solli irukangala inthanala than Ena straight ah Irunthu gay ah lesbians  ah marinen nu,,,,,,,,,,,,,,,
swetha k ,so lesbian ,gay ellame romba romba thavaru.....intha Mari seiravanga lam romba thappu seiravanga.,,,,,,,,,,,,,
swetha k ,Bible Quran la lam adhu miga periya pavam nu pottu irruku.,,,,,,,,,,,,,,
swetha k ,jack the ripper Mari ,unna Mari alugala kolla atkal varanum...,,,,,,,,,,,,,
swetha k ,naa yarayum rape panna la,ana nee lesbian pannra.pathukoo.naa thappu pannathavan,enna unga boys rape panranga nu sola than mudyum,particular aa enna sola mudiyathu,ana unna Mari lesbian aa particular aa nee thappu panra naaye  nu naa solla mudiyum.,,,,,,,,,,
swetha k ,boys kitta irruthavathu girls thappika vali irruku,ana unna Mari lesbian Ava kudave uttkarnthu  Ava koodave bathroom poi ,thappu Mela thappu panni chee,vekkama illa panni kuttame.,,,,,,,,,,,
swetha k ,unna Mari irrukura ponnunga enna pannuvanga nu theriyatha,boys rape panna kuda keduthutan nu thandanai kudukalam.nee nala girls aa keduthutu,sattame sari nu soliruchu nu soli onnum panna vidama mirrati pala pengal valkaiya venakuva naaye.,,,,,,,,,,,,
swetha k ,naa onnum rape pannala.appadi patha Kala kadhaluku child aa kolura pen varkatha sernthu irruka nee.,,,,,,,,,,,,,,
swetha k , lesbian panrathu unnaku normal aa,pala religion in pirapidam India,nagarigam naa enna nu world ikke kattuna India,rishi galum yogi galum pathu pathu kapathuna makkal vanthu innaiku thavaru poitu normal nu solranga sila per.,,,,,,,,,,,
Vishwa Hanu ama vantha una mari irukuranuvanga enna pannuvanunga theriyatha... 3 vayasu kolanthaiya kuda vida panra naiynga... ithulam thappu illa anga pesama inga vanthu pesuthu...,,,,,,,,,,,,,,,
Vishwa Hanu nan puriyura mari than anupuren.... nan paiyathiyamave irunthuttu poren vidu ungala mari irukura jenmathunga kuda Normal ah iruntha kuda paithiyam solliduvinga... adhuku paithiyamave irukalam,,,,,,,,,,,,,,,
swetha k ,loosu pathil sollu loosu,asingma illa lesbian aa irrukurathuku,nee lam oru human aa?.,,,,,,,,,,,,
swetha k ,en freedom naa enna venumnalum pannuvean ,unakenna nu solitu,pirantha meniya valiya vaa,pakalam.?,,,,,,,,,,,
Inime boys kuda boys toilet la nimadhiya poga mudiyathu,,,,,,,,,,,,,,,
dai ne poi unna paru da ne oru animal,,,,,,,,,,,,,,,
V HeArtS ,ha ha super mover adhunala Thane avangala pichai eduka vaikuranga,apparam naa solla vandhadhu boys boys mariyum,girls girls Mari nadkalaina ,trans gender list la than servanga.intha petti la varava oru 9.,,,,,,,,,,,
krishna kumar appa amma oru paiyana love pandrannu sonna koodatha accept panna maatanga?,,,,,,,,,,,,,,,
neenga soldrathu full and full ungala gnaya padutharathathan iruku, vela kuduka maatranganu soldringa apo neenga eppadi vela seiringa, kadaingalukku vanthu kaasu ketta tharom aana avanga 10rs kudu, 50rs kudu nu athigarama kekuranga festival time la rs.50, rs.100 normal days minimum 5rs. picha karangalukku nama enna kudukaramo atha vaangittu povanga, aana ivanlukku bayanthutte kudukanum illana enga asinga pesida poranganu. kadaikulla vanthu ethavathu poralai kekama edukarthu ithellam sariya? unmayil yarum velaiku poga ready illai athuthan unmai. ippo pvt company la ella edathalayum 3 gender kum velai iruku aana yar interview vara sollunga. annachi kadaila yar vela keka varanga ellorum kaasu vanga mattum than varanga.,,,,,,,,,,
Ithungalah thirunangaigal ala panam pidingigal chuuuuuu chiiiiiiii,,,,,,,,,,,,,,,
Thaaaaa...... Adichu thukungada intha maari Salligala,,,,,,,,,,,,,,,
Suttu kollunga antha pardesiya,,,,,,,,,,,,,,,
Intha maariye oru jenmam irukkunga,,,,,,,,,,,,,,,
Naga 9pathu na nee yaru pa thambi,,,,,,,,,,,,,,,
Serupo pejurom thevedeya paya dai pota kuthe,,,,,,,,,,,,,,,
naanga 9nu olagatthukke theriyum. but ni 9 nu enakku mattum dhan theriyum,,,,,,,,,,,,,,,
Ada thevidiya mudaikala.. Ungaluku ulla ortumai ilaye.. Aravani nonsense,,,,,,,,,,,,,,,
Yaandi pottaigala unga rendu groupku sollaren adaavadi venaam,,,,,,,,,,,,,,,
9  naiiii,,,,,,,,,,,,,,,
Eintha pundainkala eppadi than,,,,,,,,,,,,,,,
Aravanikalai odukka vendum....romba pannuthunga,,,,,,,,,,,,,,,
9 kuda arasiyal da saami mudila,,,,,,,,,,,,,,,
9thuku 9thuku sanda ithae orae vekida pakutham,,,,,,,,,,,,,,,
@Vignesh vikkiÂ serupala adipanam...dei soothu, nee ambala koothiya iruntha road la oru aravaniya 9 nu solli paruda parpom..apa nee ambala..illana pesatha..sootha mooditu odiru..,,,,,,,,,,,,,,
@ê§É±É¾ É“É›É‘É²ê§‚Â   serupala adippen aravani,,,,,,,,,,,,,,,
@Sandy RÂ  pesitu irukangala sappi avala oombu da oomba porandha naatheri..  Vandhutan poola aatikitu ğŸ¤£ğŸ¤£ğŸ¤£ğŸ˜‚ğŸ˜‚,,,,,,,,,,,,,,,
@Sandy RÂ  ne sunniya irundha Ena pundaya irundha Ena da thevadiyaluku porandha soothu nakki ğŸ¤£ğŸ¤£ğŸ¤£ğŸ˜‚ğŸ˜‚ğŸ˜‚ğŸ˜‚ğŸ˜‚ğŸ¤£ğŸ¤£ğŸ˜‚ğŸ˜‚ğŸ˜‚ yara irundhalum ne sootha nakka porandha nakki paya dhana,,,,,,,,,,,,,,,
@Anitha AnithaÂ  ğŸ˜‚ğŸ˜‚adi sunni oombi id la sandy nu boy name irukuradhu theriyama oomburale.. ithula irundhe theiryudhu ne oru sunni ku yengura thevidiya nu... va vanthu oombu ğŸ˜ğŸ˜‚,,,,,,,,,,,,,,,
Nee aayirandha theliva pesuradha nenachalum nee pandradhu thappu; Enga yaarum rape pandradha sarinu sollala nee adha solli nee pandradha sarinu solladha; Jaakit podadha kaalathulayum Endha yurava sarinu Sollala; But anyway we are respect to law,,,,,,,,,,,,,,,
à®†à®£à¯à®£à¯à®•à¯à®•à¯ à®ªà¯†à®£à¯ à®ªà¯†à®£à¯à®£à¯à®•à¯à®•à¯ à®†à®£à¯ à®‡à®¤à¯ à®†à®£à¯à®Ÿà®µà®°à¯ à®ªà®Ÿà¯ˆà®¤à¯à®¤à®¤à¯ sister neenga evalo asingamana Kariyangaluku ippadi support pannathinga plz neenga nalla pesuringa but nallatha Valthukkal malini ... Nerya yethirpukalai kadanthu vandhu oru vishayam saathichirukeenga ... Menmelum valvil vettri pera yenathu valthukkal... Anbu ullam konda makkal kandipa ungalaiyum ungal karuthukalyum yethupanga ... Ippadi onnu irukunu arthaku iyarkai thaan karanamnu yarukum theriyathu ... Inni karu sidhypu kurayattum manitha kulandhyaigalai kaka vandha dheyvangalae ungalai nallaya ulagam pottrattum....,,,,,,,,,,,,,,,
Full interview patten ada yenna kandravi uravu idu,,,,,,,,,,,,,,,
unnatural phenomenon eh ei kaatuvaasi poi mothala padichu thola ....muttaal,,,,,,,,,,,,,,,
Ipdila pesi pesi than Mel Nadu culture ah kondu vanthu Nadu nasama pogudu???? Oru anuku oru pen ithan nature.....,,,,,,,,,,,,,,,
Rendume thappu than appadiyum puriyala na nalla ponna ah pathu marriage pannikonga sis,,,,,,,,,,,,,,,
Aniyayam Ellam nyama pesitruku,,,,,,,,,,,,,,,
virupam virupam nu solriga manusan virupam yepo yepdi venunalum marum athukaga ellathaiyum matha mudiyatu... LGBTQ ithu oru perumai illa oru siralivu ... Paru ma ne ambala pola dress panikalam hair cut panalam ambala pola oru Penn ah kavithai paesalam but nee ambala pola than not a man ... I think you have gender dismorphia ...,,,,,,,,,,,,,,,
Unaku aids vandhuruchi pola olunga iru...,,,,,,,,,,,,,,,
Gotha neethandi Indha naatin sabakedu gommalakka ungala mothala kollanumdi thevadiyalugala chaiğŸ˜ğŸ™„ğŸ™„ğŸ™„ğŸ™„,,,,,,,,,,,,,,,
Intha speech supera,aruvarupa irukuthu,,,,,,,,,,,,,,
Unngala thiturathuku Ethuku  documents ; Lesbians  life long  sagara varaiku onna  vaala  mudiuma??? ; Illa  Entha  Oru  aan  uthavium  illama  oru  child  ah  pethukka mudiuma???? ; ; Next  generations ku  Nalla  example ah  irunga  Pls ; ; Aarva  kolarula  Adutha  santhathikal illama  pochina manitha  iname  irukathu,,,,,,,,,,,,,,,
Avanga avanga life  avanga avanga  istam virupam nu  solli  yellaraum  yeththi vidathinga Pls ; Oruthannuku  pakara ponnu kuda LA sex  vachika  virumpam avan poi  pannita enna aagu naasam tha ; Epdi Vena irukala nu irukarathuku per  life  Illa  ipdi tha irukanu nu  Oru kattu paadu Venu  ; Ithula  ne Science  Pathi Vera pesara   hmm  apdi na  first  Ne doc kitta poitu  full body checkup;  pannunga  Oru ponnunku ponna patha  love  varuthuna  Ungalukulla  hormons  problem irukum  ; Ithukuda theriyala Neela science Pathi pesara,,,,,,,,,,,,,,,
Homa sex panuravagal oirda eruka kodathu shathu poidungal,,,,,,,,,,,,,,,
Interview yedukkara ponnu konjam ; carefula irunthuko , ponnungaluku ponnungalae paathukaapu illa ğŸ˜‚ğŸ˜ğŸ˜…ğŸ˜…,,,,,,,,,,,,,,
Indha mari thevidiyavalam adiche kollanum,,,,,,,,,,,,,,,
Ippa population controlnda shock avrala mark my words innum sila nooru varudangala manitha iname alingirum hahaha BY THESE PEOPLE,,,,,,,,,,,,,,,
14:50 The****ya naye un amma paavam avangakuda un life ah compare panra... Ne than lesbian nay un amma ponbala thana... Una pethathuku itha pathangana sethuduvanga...,,,,,,,,,,,,,,,
22:38 ne periya ullaga alagi una impress vera panrangala un munjilan veliya katatha kaari munjile thuppiduvan mu**da ..chi unalan matha ponungaloda compare panatha ne ponun illa ambalayun illa intha world la eh vala dhaguthi illatha thevi**ya .....pls thayavu senji onu sethudu illana vera country ku poidu india ori traditional aana country una mari olukam illatha nay lan intha iruka vena.. And i dam sure una pethathuku un amma, appa romba feel panuvanga... Chi aalun mandaiyun.,,,,,,,,,,,,,,
eval etho Oscar award waangierukaal paa.rajith peruma padurathiku . kaama thuku alaigiraa naai eval,,,,,,,,,,,,,,,
Apdiyae un amma akka thangachi koodayum ipdi than irupiya? Ithuku thooku potu sagalam, panrathu thevudiyathanam, itha correctunu solluriya, un parents sari illa, illati unnalam inneram poison vachi konnurukanum,,,,,,,,,,,
Mam man.. girl girl.. na man girl edhukku da.. ; Man man kitta enna irukkum? Girl girl kitta enna ma irukku? Sathiyama yen ma lusu mari paesuraa,,,,,,,,,,,,,,,
Nattula irukura prachana pathadu nu.. ivalunga Vera... Koduma da Sami.. ğŸ¤¦. Nadu innum nasanama pogapodhu. With these kinda people.,,,,,,,,,,,,,,,
Pakathula  ponnu  sit down panna  moochi Vida  mudila ya ; Adiye  ithu  puthuvitha  pirivi pola iruku ; Already ; 1.Man ; 2.Women ; 3.Translate ; Nenga ; 4. ???,,,,,,,,,,,,,,,
Chi karumam... Ena di nyayam pesura.. naadu naasama poirum Di... Culture poirum ena pechu pesura ne unga Amma vum ponnu dhan marandhutu pesadha.. chi saavu di poitu..,,,,,,,,,,,,,,,
Enaku oru doubt iva aambala ya ila pombala ya?,,,,,,,,,,,,,,,
Nan kekaran... Iva vaaila en poola vita ena...????,,,,,,,,,,,,,,,
Yaa muthavi unna patha pombala Mari illa ambala marium illa,,,,,,,,,,,,,,,
Unnalam thirutha mudiyathu, sethupo...,,,,,,,,,,,,,,
Oenga appan ,oenga amma kuda padukama irunthuruntha ,ne eppadi pesiruka mata....,,,,,,,,,,,,,
Yadi thevadiya ...Niraya sexual disease varum di ....Medical field la poi paru....,,,,,,,,,,,,,,,
Oenakea yethavathu noi erukum di ...Poi check pani paru.....,,,,,,,,,,,,,,,
Intha 9 pundaitta ; Kavalthurai kaasu vaangittu; Kantukkama vitrum ; Athan avanga rajiyam nadakkuthu; Kavalthurai vedekkai paarkuthu...?; Kavalugku theva kaasu thuttu Mani Mani......?,,,,,,,,,,,,,,,
Kadai vechu nadathura middle class people ku theriyum ivanuha paduthura paadu paavam nu ninaipom but idhunga overaaa aadum,,,,,,,,,,,,,,,
Yen da public ..vedekkareaa pasanga thaaan 9 b; Veeda  kevalam...,,,,,,,,,,,,,,,
Seruppala adingada intha thevidiya lungalağŸ˜¡ğŸ˜¡ğŸ˜¡ğŸ˜¡ğŸ˜¡ğŸ˜¡ğŸ˜¡,,,,,,,,,,,,,,,
Ivalukala ulla thookki pottu ladankattanum.... Thirunangai na nallavanganutha kelvi patrukke ipdi oru ampalaya bus stand la vachu asingapaduthuranga,,,,,,,,,,,,,,,
Yan vedikkai pakkuringa pottaingala,,,,,,,,,,,,,,,
Back side la kuumii adikaravann,,,,,,,,,,,,,,,
Iipade patavagala oru sela  nalavagalum paadekudu ada ichi iduku sethudalam,,,,,,,,,,,,,,,
Mathavanunga epdi tha ipdi onnume nadakatha mathiri irukanungalo..... Anga ukanthiruka matha potta pasangalaum serupala tha adikanum... Ena nadanthalum oru mayiru reaction um illa... Chaaaaa,,,,,,,,,,,,,,,
Ivalakku nalla seruppadi kodukanum,,,,,,,,,,,,,,,
Number thevidiya laatum pesara,,,,,,,,,,,,,,,
Oh niyum 9 ah ğŸ˜‘ğŸ˜€,,,,,,,,,,,,,,,
@Ashok kumarÂ  un poola kammipiya oombra,,,,,,,,,,,,,,,
Seruppala adichu verattanum,,,,,,,,,,,,,,,
Ellam potta maari pathutu irukanunga ,,gommala ,avala kathulaye rendu potu oda vedanum,,,,,,,,,,,,
Mendal  9,,,,,,,,,,,,,,,
First Anda Allu ena varthai kettan first podungada.  Ivanga pesuratha mattum eduthu iruga,,,,,,,,,,,,,,,
Sava adiga indha nayegalae thirunagai bastard's,,,,,,,,,,,,,,,
Oda vittutu soothula okkanum ivalungala,,,,,,,,,,,,,,,
Saniyanungala savadikanum ithungala intha Uzhagathula irukanum nu thevaiya illa,,,,,,,,,,,,,,,
Entha Mari aravaningala seruppala adikkanum entha Mari prachanai Ella edathulayum erukku pothumakkalukku pathukappu    illa,,,,,,,,,,,,,,,
Fact fact idhukalam chaiii... Paavam aadhugala thittakudadhu samy kanna kuthirum vaaya kuthirumnu solli makkal muttal thanama nampitu irukaga... Bus stp la idhunga tholla thaanga mudilağŸ‘¿ğŸ‘¿ğŸ‘¿meratti kaasu vangudhunga jenmo... Sila per alaga velaikku poi polaikuraga... Sila jenmongatha ipd meratti kaasu vangi polaikudhunga... Adhum pasagata tha vaai pesunga mairuga..,,,,,,,,,,,,,,,
Idhunga maariyadhaya idhungalea kedudhukudhuga saniyanuga pesudhu paaru dash mathriii idhukalalam saavatikanum... Saniya saniya aambalaya yepd pesudhu paaaru mudevi,,,,,,,,,,,,,,,
Evalungala adichi kollanumğŸ˜¡ğŸ˜¡ğŸ˜¡ğŸ˜¡ğŸ˜¡ğŸ˜¡,,,,,,,,,,,,,,,
9 thevidiyalukku evalo thimiruğŸ˜¡ğŸ˜¡ğŸ˜¡ğŸ˜ ğŸ˜ ğŸ˜ ğŸ˜ ğŸ˜ ,,,,,,,,,,,,,,,
Vailave mithikanum intha naigala.,,,,,,,,,,,,,,,
Entha Theyvitiya va ellam Seruppala atikanum,,,,,,,,,,,,,,,
intha panni galukku Vera velaye illai kasu illenu sonna yetho asingama panranunga kaval adhigari nadavadikkai yedukkavendum ivangalai siraiyil tallavendum,,,,,,,,,,,,,,,
Ival oru demon alleevin arambam,,,,,,,,,,,,,,,
Intha ponnoda Appa Amma sollamataga polla, ivala la interview edukuran parru, avan pinja serrupula adikanum,,,,,,,,,,,,,
Comments lam podalam , onna onu mattum pannanum thoonuthu kaarrri thupuna pola iruku ....,,,,,,,,,,,,,,
Nega lesbian ah?  yen boy getup la irukiga?,,,,,,,,,,,,,,,
Tamila aluthama pesuna , thabu sari Agatha, it's against human nature,,,,,,,,,,,,,
Abdulla Abdulla unmai than.. un mathamum, un thai thathaiyum kude pirarai kevalam padutha kuthathu soonnathu than? Appuram nungge yen ippadi pannuringge?,,,,,,,,,,,,,,
Indha thevdiya pasangala thukila podunga,,,,,,,,,,,,,,,
malini niga panrathu rompa thappu.niga oru ponna irunthutu ennoru ponna thappa papingala.oru ponna eruntha ennoru ponna friend a than ninaika thonum.ana niga solrathu rompa thappa ethukku.entha ulagathula porantha yella ponnukum kadaul oru annai porakka vachiruppanga.athe mathiri oru anukum oru ponna porakka vachiruppanga.nama avagalatha marriage pannikanum.nigale sollunga entha ulagathula ulla yella  amma appaum niga panra thappa panniruntha niga aprama na entha ulagathula ulla mathavanga ellam  poranthirukave matom.plz konjamavathu purinchika try pannuga.,,,,,,,,,,,,,,,
Ivala laa  Paari saalan, healer baskar, rangaraj pandey maari aalunga dha interview edukanum.; Lgbt avanga avangaloda thanipata virupamna oruthana naa kola panitu, kola pandrathu ennoda virupam, kola panna enaku sandhosham kedaikuthu nu solla mudiyuma?  Indha lgbt feelings genitical eh kedayadhu nu doctors soldranga Inum adha yaarum prove um panla. Iva edho sadhicha mari thimira pesrarhe pathale romba kevalama iruku, paavama iruku.,,,,,,,,,,
Nan ketavan dan ana indha mari kevalamanavan lam ila .....evlo age varaikum dee otha lesbian panva sollu ?? Homo sexual panrathu la ena inbam otha mental .......nee ena perumaiya knowledge  person ah irundalum periya iduva irundhalum thavaru thavaru dan ......40age la unkuda 40age aunty varvala ?? 60 age la uai kapatha 60age patti kuda irupangala ?? Rape panran avan tappu dan apo avanai manikalama ?? Apdidan neyum otha,,,,,,,,,,,,,,,
UNGA APPA ENNORUTHA APPANODA SEX VEACHA NE VANTHA,,,,,,,,,,,,,,,
UNGA AMMA ENNORUTHA AMMAVODA SEX KAAGA IPA OODI PONA OK VA .ILA COURTLA POI UNGA AMMAVAIUM ENNORUTHAVANGA AMMAVAIUM SEATHU VAIPIYA,,,,,,,,,,,,,,,
Adi poriki munda ne director ha,thuuuu unaku abalayae kadakalaya, angal kuda dha palaga mudiyadu nu nanacha,epo girls kuda kuda free ha iruka mudiyadu pola thuuuu,,,,,,,,,,,,
Oootha bwoods kana ku*************************kallllla ampla pomala tha yathuiku da inthamathre interview pandringa,,,,,,,,,,,,,,,
ethu ponna paiyana.....puriyavey ella,,,,,,,,,,,,,,,
Na onnu solra ennadha homosexual nu sonnalum adha nature Ku edhiranadhu adha Tamil culture kedayadhu,,,,,,,,,,,,,,,
Modhal poi hair valarthi chudi pottu oru ponna ir oru paiyana love pannu unnnna year keakka pora,,,,,,,,,,,,,,,
Ithu Oru decease,,,,,,,,,,,,,,,
summave oru girl nammaku set aaguthu illa entha naai pannura welaila namma single than life puura wesa onnan .  evalum abirami yum same sex kaha ethuwennunalum pannuwalunga kaama pidaari,,,,,,,,,,,,,,,
Naan pudicha muyalukku moone kaal.idhukku mela onnum solla mudiyaadhu. Pennurimayai patri pesiya Bharathiyin nilai yennavaaga irukum. Idhey samudhaayathil pengalukku kalli paal koduthu konru pengalin yennikayai kuraithu ippodhu ivargalum pengalai kavardhaal Aangal veru vazhi inri homosexual galaaga maarum nilai yerpadalaam. Yenna porutha mattum idhu iyarkaiku purambaanadhu. Indha panbu mirugangalidamum illai idhu iyarkaiku maaraanadhey.,,,,,,,,,,,,,,,
ivalukku pundathan theva,,,,,,,,,,,,,,,
Nee nalla nakkudi pondaiya adding,,,,,,,,,,,,,,,
Hey thevidiyaaaa pasagalaaaa ithulam oru allu ithulam oru visayam nu ivalaaa kuputu interview yedukurigaaaaaa potta pasagalaaa....nadu laa pesaa vendiyaaa yevolo visayam irukuuu... Thavaiya da ithulam... Uga family la yavalachi homova poiduva da.... Manamketa pasagalaaa ğŸ˜¡ğŸ˜¡ğŸ˜¡ interview yedukuraaa paru n@@nda,,,,,,,,,,,,,,,
Unna solli thappu ilama ipdi oru padaipa ulagathuku kodutharu pathiya avara solanum...pls god innum evlo kevalam intha ulagathla nadakanum plsssss destroy this world,,,,,,,,,,,,,,,
First ne poi olunga history ah Padi .... pudinga mathiri pesura #homosexual is against nature ...,,,,,,,,,,,,,,,
Poda hiv vantha naye . Dai evanugala petti edukara ungala thanda first adikanum. Enamo ulaga sathana panna mathiri pesitu erukan . Vaila nalla asingasiga varthu intha video va first youtup la erunthu edungada  ....,,,,,,,,,,,,,,,
@Daniel rajkumarÂ  athu k avangaloda relationship ha personal ha vachikkonga yaarukkachum theriya pogutha enna .En velila solli ipdi pandringa ithukku munna paiyan ponnu thaniya pona thappa pesuvanga aana ippo rendu pasanga onna ponavey thappa pesuvanga polaye  intha ulagathula innum enna enna nadakka pogutho,,,,,,,,,,,,,,,
@tamil birdÂ  evargal manitha janmagal kidaiyathu,,,,,,,,,,,,,,,
Poi Ava koothiku  nakku podu,,,,,,,,,,,,,,,
Idhellam oru polappu chiii aruvaruppa irukku,,,,,,,,,,,,,,,
Ambalaikal penna marina..thirunagainu sollanum..ethugala ennanu sollarathu...; Thirunangaigal pavam ennu avanga suganthiratuku kaga poratam seiragal..ennum kadacha paduella..ğŸ˜• ethula ethu verra..,,,,,,,,,,,,,,,
Yaari iva veetla thanni thelichi vitutanga Pola..pechu thiramai iruku athuku ethavathu olaritu iruku,,,,,,,,,,,,,,,
Ivala evan da pethu pottaan?,,,,,,,,,,,,,,,
Inum konja neram na Ida paten nanum Una Mari aairuvhen,,,,,,,,,,,,,,,
Illuminati  Nai ; Tamil  samugatha kedukanumnu varalunga ; Dubai LA irunthu varalunga,,,,,,,,,,,,,,,
World Mendal health doctor  sonna  Inga ye kekanu  Arivu ketta mundam  ; Unna vetti thandi podanu  naye naye ; Echa  ne soldra  ariviyal ulaviyal arasiyal ah yar vaikara,,,,,,,,,,,,,,,
podi porambokku unakku penkkuriya udambu illandrathala ippadi pesura unga appan unga ammava kalyanam pannam irundha nee ella ippadi pesamatta chee naaya nee ella nalla irukka maata podi anje paisa moonju,,,,,,,,,,,,,,,
Pennukku undaana entha oru arikuriyum eva kitta onnum illaiye ......Nan unkitta nerla pesanum ...WHO ,america sonna evanunga vetha vakku nu nenaichu kiraangaa evan da america avan sollita ellam correct ..Evana kettalum america va sollitanga ...Nu ponga da dei ...,,,,,,,,,,,,,,
unga amma homosexual vachi iruntha nee yepdi poranthu iruppa naya arivu illa pannada orina serkkai kadavulukku aruvaruppana onnu naya athala unarvu vera varutha unakku naya saniyana azhiya pora nee. nee yenna kattu pada irukka naya oru aanum aanum oru pennum pennum irukkuraththu thappu d naya,,,,,,,,,,,,,,,
next time wind illadha idathula shoot pannunga air sound kaadha kilikudhu,,,,,,,,,,,,,,,
Malini pls ne pera mathiko thev***ya nu... 12:53 hey naye unaku avlo akkara iruntha Anadha Aasaramam vechi kolandhaingala pathukoyan athu unala mudiyuma illala.. unaku sex venun athuku ipdilan pesitu iruka un amma appa una mari ipdi nenachithangana iniki ne irunthurkavemata...    7:20 hey theru poriki naye serupala adipan church la irukavanga kuda una compare panana ne oru thevidiya avanga kadavulukaga kudumba life ah vitu kuduthavanga but ne sex kaga alayira theru nayi.. Yes animals homosexual than neyun nay than athan homosexual ah iruka....pls sis doctor kita poi counseling treatment eduthuko illana sekrama mental aaiduva... Sry una sis sola kuda aruverupa iruku.... Appa amma family traditional ithalan soli kuduthu intha naye valathu iruntha ithu olunga irunthurkin ithu ithu vara ethana per kuda poiruko athan public la ipdi pesthu....,,,,,,,,,,,,,,,
Neeyum ungothalum pannungadi devudiya,,,,,,,,,,,,,,,
En di thevidea Munda nee epadinalum valnthuko di pund.....athu un istam un urimai di en di nall eyarkaiya valravangala en di thappa pesara di pund.....kilichida poren di engala pathi thapa pesana naanum unna pesathan seiyven athu en urimai,,,,,,,,,,,,,,,
Thayavu senju kekuren ithapathi petti edukura naaye itha pathi nalla padichittu ithula knowledge la valathukittu poi Ava kitta petti edukanum thayavu senju purinjikonga available pesavittu mulikathathinga Ava pesara varthila irunthu avala 1000 question kekalam etho mundam nikaran itha petti eduthavan 377 court sollidichi athu avanga urimai ethukuren ana Ava namma urimaiya pathi pesumpothu naama en pesakudathu athan    naan solren,,,,,,,,,,,,,,,
Ivallam oru aalupunda nu petti edukaranuga,,,,,,,,,,,,,,,
Romba talenta pesuratha nenapu,,,,,,,,,,,,,,,
oru mayirum theriyala indha loosu koodhikku aana yellathayayum karachi kudichamari sooththa aatti aattinu badhil solludhu idhaiyellam oru mayirunnu nenachi petti yedukkaradha vittuttu ava iduppula yetti oru odhaya vitta moodittu summa iruppa dappa koodhi,,,,,,,,,,,,,,,
loosu koodhi munda modhalla yenn kelvikku badhil solludi oru pennum pennum thangaloda pennuruppa nakkikkiradhudhan unakku sexunna appo kadavul pengalukku maadhavidaya yedhukku vachchar oru aanum aanum thangaludaiya aanuruppa sappikkiradhum aasana vaayila aanuruppa nozhakkiradhumdhan unakku sexunna pinna kadavul yean vindhu yendra ondrai padaikkanum nee yenna kadavulaivida adhigam purinjavala oru penn innoru pennudan sex vaikka virumbuvadhum oru aan innoru aanudan sex vaithukkolla virumbuvadhum oru vagaiyana manachidhaivudhan adhavadhu nee oru mental koodhinnu artham unnoda bodu language modhalla normala irukkannu neeye unna kannaadi munnala ninnu paarudi,,,,,,,,,,,,,,,
Tamil Malaysia TV nee saavuda porikki naayae naan aambala da,,,,,,,,,,,,,,,
@kadhir sÂ  avana nee parathesi poai saavuda,,,,,,,,,,,,,,,
Tamil Malaysia TV poda pundai payalae,,,,,,,,,,,,,,,
Sudharshan AJ why mental your mental man,,,,,,,,,,,,,,,
4.5+4.5=9 eval oru,,,,,,,,,,,,,,,
Crt sis .neenga soldrathu ellame crt. Bible la potrukku idhu thappunnu  aadham eaval ah paathathu jesus or other God na homosexual persons ah uruvankki ulagathukku kondu vandhathum God thana. God creation ethuvume thappanatha irukkathu ellame oru plan irukkum adhukkaga adha support um pannathinga romba keavalamaanathavum pesathinga. Adha adhoda pokulaye vitrunga plsss ungalukku pidikkalaya adhu unga opinion neenga adha pannathinga but adhukkaga mathavangala thitrathu commend pandrathu unga duty illa. Okay that's it,,,,,,,,,,,,,,,
Ennaaa kodumma Sir ithu?,,,,,,,,,,,,,,,
podi thevdiya munda,,,,,,,,,,,,,,,
anga pesaraveenga antha person romba buthisalimari pesaranga. ana ithanudaiya villaivu ennanu ungalluku aparamthan theriyum. please intha mathiri pannatheenga intha asigatha pannatheenga. stupid mari pannatheengga. ithaellam godnu orutharu pathutu irukaru. avaru kandipa intha manuchana padaichathuku romba kavala paduvaru. god (jesus) ungala thallivachara . neenga ithaellathuku ungaluku mula use aguthu. ana ungalukangayum orutharu irukarunu neinaika. manuchan yethukumae laikae illanu adikadi neenga proof pannireenga. please thaiava seichu stop pannuga. avangala yenkita vanthu pesa solluka. jesus is coming soon,,,,,,,,,,,,,,,
Ne ambalaya illa pombalaya,; Pakka ambalamadhiri iruka ana voice bombalamadhiri irrukku,,,,,,,,,,,,,,
olagam  aliya  poradhuku eduthukattu  idhulam,,,,,,,,,,,,,,,
kandipa  world  aliya  pogudhu,,,,,,,,,,,,,,,
Ithukku support pannathingga,,,,,,,,,,,,,,,
Nee Aanaa pennaaa?,,,,,,,,,,,,,,,
Unaku ithu correct nu solla urimai irukuna nature ku against ah iruku nu solla engaluku urima iruku,,,,,,,,,,,,,,,
indha nai ku.......veara....veala.....illa indha character ampalaya...pompalaya ney tereyala....taan peasuradu tappanadu nu kuda tereyama...loosu matre peasiki2 irukudhu naiii naiiiğŸ˜¡ğŸ˜¡ğŸ˜¡ğŸ˜¡ğŸ˜¡,,,,,,,,,,,,,,,
Unakku venuna....nee pannittu poda-podi....intha samoogam eppadi irukka vendum endru nee sollatha......,,,,,,,,,,,,,,,
Stanley Thomas aiyo andha punitha uravuku poranthathu ena azha pesuthu paru... una ninaichi niye kevala padanum apadi ninaikalana unalam manizha jenmathula serka kudathu.... ; ama nan avangaluku support  panren than avanga nu illa urimaikaga poradra elarukum support pannuven... manitha unarvai mathipen una mari pesamaten,,,,,,,,,,,,,,,
Andha asingathula michamum echamum ningala kuda irukalam Illa...,,,,,,,,,,,,,,,
Yogesh Waran Hey nee 9 taane ğŸ˜œğŸ˜†,,,,,,,,,,,,,,,
Fb ah vachu nala explanation kuduthinga...lusu mathiri iruku unga example....frnd vera gey lesbion vera..ni geyva irunthina ni yaraium frnda nenaikamata..ellaraium geyva irukanumnu ethirpaarpa..paaavathilae thalaiyaana paavam homosexual than..ulagam alivatharkku ithu than thodakkam,,,,,,,,,,,,,,,
@Dhaya SaranÂ  lesbian gay periya thappu atharkku support panathinga...avunga seiura thappa niyapaduthurathukaga ithu iyarkainu kathai vitutu irukanuga....transgender mattum than iyarkai...homosexualist iyarkai kidayathu,,,,,,,,,,,,,,,
Sec 377 sari nu sonna ,yarume nimadhiya irruka mudiyathu.boys boys toilet la kuda nimadhiya poga mudiyathu.,,,,,,,,,,,,,,
Oru payan ambala Mari irrukanum,ponnu ponna nadakanum,mathi nadantha thappu Thane.,,,,,,,,,,,,,
Sir neeinga fist ambalayanu poi doctor kita poinga,,,,,,,,,,,,,,,
swetha k unakku wera wela pundaye illaya homo 9 thoooğŸ’¦,,,,,,,,,,,,,,,
loh jen# sheâ€™s human ohh athu nee solli taan teriyuthu,,,,,,,,,,,,,,,
Podi moodhevi neeyellam ponnadi,,,,,,,,,,,,,,,
Reproduction ilana mavanae  neeyae  illada,,,,,,,,,,,,,,,
Pennum pennum tha valanuna apro edhukaga aanaiyu pennaiyu padachanga edhella oru polappa asingama ella,,,,,,,,,,,,,,,
Nee enna ans pannalum athu correct kedaiyathu.Naama enna vilangugaloda kevalama poittama athukku irukkura arivu kuda namakku illayaa .; Intha naadum naattu makkalum naasamaai pogattum,,,,,,,,,,,,,,,
Eva oru muttal apdi iruntha ni poranthuruka mata Beta,,,,,,,,,,,,,,,
Beach to Tambaram train la poga mudiyala.. Tip top ah dress paneetu indha vela dhaan paakuranunga..,,,,,,,,,,,,,,,
Intha pilaygalayellam kapathanum kudumbamna appa,amma,anna,akka,thambi,marumagan,marumagal,appa magalode paduka mudiyathu,magan ammavoda paduka mudiyathu freedomnu sollitu ellorum ellorode paduka mudiyathu,nalaiku itheyum leagal akkuvanuga intha ambedarkar yen neekavillai,history nadanthuyellam nallathunu solla mudiyathu,itherku ore thirvu petrorgal pillaigala sariya valakanum illena ippaditha.,,,,
Paithiyamda  ithu, (aama nee ponnaa paiyanaa)  : unavai  vaai  vazhiyaaga  saapidaamal  pinnaadi vazhiyaaga  saappidu,,,,,,,,,,,,,,
Homosexually  judgement ippo thevaiya romba mukiyam naddukku thamil kalacharathai kedukathinga homosexually againsta support pannunga,,,,,,,,,,,,,,,
Innaikku bublikka pesura visayama ithu biblela Luke 17.28 ippadi last days la nadakum so jesus is coming soon,,,,,,,,,,,,,,,
Otha thevidiya paiya, loosu koodhi, punda, lawadekabal. Unna nerla paatha saavadichiruvan da punda koodhi. Ommala sunni,,,,,,,,,,,,
Inime boys kuda boys toilet la nimadhiya poga mudiyathu.,,,,,,,,,,,,,,,
Prakash Durairaj ,ivanga entha bathroom use pannuvanga,boys aa girls aa.,,,,,,,,,,,,,
@Praveen KumarÂ  atha unna matri aaluka athikama aayrichu naa... Population enga perukum... Unga appan kuda poi sex vechu koda... David paiya,,,,,,,,,,,,,,,
Poi saga sonnen... Ivala mathri gays and lesibians...,,,,,,,,,,,,,,,
mine mine apo unga appa kita poi sollu...nenga en hetero sex panringanu...sorry unga appavuku,,,,,,,,,,,,,,,
Praveen kumar kadavulah...entha kadavul....unga appa appa vuma...chi...matha, pidha, guru deivam...ithula entga kadavul..,,,,,,,,,,,,,
Praveen kumar vayila nalla varuthu...chi venkam ketavangla,,,,,,,,,,,,,,,
thilak raj unnaku en kobam varukirathu,,,,,,,,,,,,,,,
Siva Pradeep.b ,un kelviku naa ithey video la Mohammad Alli  potta cmt ikku replies la soli irrukean adha paru.,,,,,,,,,,,,,,
Ival Oru punda nakki lesbian Munda ...irukaravalayu keduthurvaluga pilundainga,,,,,,,,,,,,,,,
yara iruntha yena un veetu laa vidu ne ipadi iruntha ne yena panuva .....first yelarum mind aa purinjutu pesunga yelarum....all r nature ... alvo pesura aal..yen after marriage ku apm yen kalla kadhal panuranga athula sari ya ....,,,,,,,,,,,,,,,
Na unna serupa kalati adipen paratasi,,,,,,,,,,,,,,,
Evagalae Sava adikam very bad words,,,,,,,,,,,,,,,
Intha pottaigala homela adaikkanum.,,,,,,,,,,,,,,,
Pods Ali pundai,,,,,,,,,,,,,,,
Unnaium,un ammavaium home la adaichi sagadikanum sappadu podamalea,,,,,,,,,,,,,,
Naalu kaasu varardhu na yedhuvum thappilla nu ninaikyaraan pola dei yippadi patta nee neeyum yevan kittayaavudhu paduthu kaasu vaanguva kooda porandhavaalayum kaasukku vilai pesuva kaasu dhen mukkiyam likes dhen mukkiyam na mannenna oothi koluthikittu video podendaa yeanda sillarathanama yosikyara,,,,,,,,,,,,,,,
ivalunga thappu pannatha nama sonna udane namma thappu panna mathuri pesura samugam irikkura vara ; evanum nalavana iruka mudiyathu; ivalugala thirutha aandavanala mudila; athan epdi padaichuttan,,,,,,,,,,,,,,,
Serupala adikanum intha mathri pandrathungala,,,,,,,,,,,,,,,
thirunagai arajagathai ollikanum,,,,,,,,,,,,,,,
9 mundaingala motha thooki pottu vettanum..,,,,,,,,,,,,,,,
Un pundaiya mudinu eru theavidiya nanga picha yeadukum nee yanna panra kuthiya katti sambarikura athuku pichayea paravala theavidiya,,,,,,,,,,,,,,,
Unnaium un ammavaium first thukula podanum kadavulea,,,,,,,,,,,,,,,
Thimir serupala adiknum,,,,,,,,,,,,,,,
Ithunga pinnadi pona avlothan. Jattimattum kidaikum. Careful friends,,,,,,,,,,,,,,,
Adichiko un serupa kalutti neeyea,,,,,,,,,,,,,,,
shiva sriman 999999999ğŸ‘¡ğŸ‘¡ğŸ‘¡ğŸ‘¡ğŸ‘¡ğŸ‘¡ğŸ‘¡ğŸ‘¡ğŸ‘¡ğŸ‘¡ğŸ‘¡ğŸ‘¡,,,,,,,,,,,,,,,
Un pinnadi vantha jatti kuda erukathu nee ambalaiyea pathalea vida mattiyam sonnagga chi keavalama piravi nee thu,,,,,,,,,,,,,,,
ithunga attulyatha nuganbakkam railway station vandhu parunga.. theriyum. gents , ladies a vida ithunga than adhigam iruku...,,,,,,,,,,,,,,
oru ali ku inoru ali support ku vantaan baadu...ipdi unta pesnaa moodinu irupaada punda mavane,,,,,,,,,,,,,,,
avanukku theavaya,,,,, intha oholuu,,   un vealaya paruda loosu..patcha patchaya,,, kaluvy oothuthu antha THirunangai....,,,,,
Pls yarum avanagaluku money kudukadinga kai kaal vilangama irukavan kooda naal theruku poi picha edukuran evanga nama kita irukradha pudingitu poranga avanga asirvandham panradu ella naladu ella namaku bless panitu pakathu seat paisa tharalana badwords potu thitradhu....oru educated 5days sambadhikuradu avanga olakama 1day la sambadipanga...,,,,,,,,,,,,,,,
indha pottai naigal adicha sagadikanum ipo Elam Tamil nadu indha pottai naigal adigam iruku,,,,,,,,,,,,,,,
Illa dildo item, cucumber la vachirupa,,,,,,,,,,,,,,
weirdo No not a trans like you Mr.brokerğŸ˜,,,,,,,,,,,,,,,
ğŸ‘‘ King transgender ah nee??,,,,,,,,,,,,,,,
valarpu seri illağŸ˜‚ğŸ¤£ğŸ¤£ğŸ¤£ğŸ¤£,,,,,,,,,,,,,,,
Kilucha lesbian munda,,,,,,,,,,,,,,,
Ttd Ttd unka ammava okka va keddam paithiyamnu solra badu punda,,,,,,,,,,,,,,,
enn onaiyum orasinangala di . poodi neeyum evalukum support na neeyum oru kaama pidari neeyum abiramiyum onu di kaamam,,,,,,,,,,,,,,,
Girl Da pooota,,,,,,,,,,,,,,,
@Kasi RaviÂ   hey in velaiya paaru daa ....nedan da potae koooo,,,,,,,,,,,,,,,
@PRO 7Â  dai un name ah ketthu babu ingarthuku pathila à®ªà¯Šà®Ÿà¯à®Ÿ à®ªà®¾à®Ÿà¯ (à®©à¯) à®µà¯ˆ##,,,,,,,,,,,,,,,
oru vela unn vetulaiyo ella unnode sonthakaragalo ipadi iruntha ange poi entha varthaiye sollu Th******A,,,,,,,,,,,,,,,
Poda call boy,,,,,,,,,,,,,,,
Enna porutha varaum ethu ok than periya ammalanga 1mulan sunniya vatchu Chennai ponnungala vettayadaranga ethu paravayillaya. LGBT eruntha thappukal kuraum,,,,,,,,,,,,,,,
Pasanga payathula pesura mariye eruke yenga da ponu kedaikama poidonu pesura mari eruke .......,,,,,,,,,,,,,,,
KADAVUL PADACHATHILA ORU VISHYAM KAADHAL PUNIDHAMAANADHU ADHA AANUKKU PENNUM PENUKKU AANUMDHAAN PARIMAARAVENDUM! OORINSERKAI ENBADHU SAMUGASEERKEDU UNGA MOZHILA ENGLISHLA SOLLANUMNA PUBLIC NEWSENSE & NONSENSE BEHAVIOUR INDHA MYRUU SATTATHIRKKU SUPPORTU VERA!ğŸ˜ğŸ˜ğŸ˜ğŸ˜ğŸ˜ğŸ˜,,,,,,,,,,,,,,,
1:20 Vera level comment ponnu Kum payanukum vithyasame irukathu ğŸ˜‚,,,,,,,,,,,,,,,
@China MadathiÂ  wat u meanAm tg k va...... Nanum oru ponnu tha ana ya no passable nu solaranga .... Enala oru baby mattum tha kudamudiyathu... Na pakarathu oru mari thana irukan ponnu ku irukaramari tha na iruka ana ya no passable ......,,,,,,,,,,,,,,,
Uruttukalil pala vidham adhil idhu Periya problem,,,,,,,,,,,,,,,
Vettoda mapilaiya porathukku sathu pokalam,,,,,,,,,,,,,,,
@top romance and comedy movie stationÂ   veetoda mapillai thavaru illai but laziness kaga veetoda mapillai ah irupathu, pethavangala paarthukama irupathu, koncham kooda self-respect illama avanga thittuna kooda atha ethukuven enbathu ellam thavaru , male or female self respect mukiyam and veetoda wife onnuna veliya velaiku poraanga illanalum veetil velai seiraanga, itha ethuvum Seiya maaten kadaiku kooda poga maaten enbathu too much.; And inga irukum maamanar yaarum avanga ponnuku varan thedura mathiri theriyala, avanga business ah paarthuka salary illatha oru aal velaiku venum enbathu pola pesuraanga. This is not good to a family.,,,,,,,,,,
9. Morattu single ku ponnungala pudikathu dağŸ˜­ğŸ˜­ğŸ˜­ğŸ˜­,,,,,,,,,,,,,,,
Pongada thevdiya pasangala, prank nu indha vela pundaya panrengale vekkama illa. Idhula vilipunarvu vera,,,,,,,,,,,,,,
Iyarkai ya meeri edhu senjalum adhu asingam,paavam..EDHU SENJALUM..udane avan apdi panna adhu sari ya ivan ipdi panna idhu sariya nu keka varadhinga..anyways even u need sex..ella aamblayum yaarayum katti podala ella pomblayum prechna pandravanga illa..oru ponna pidicha adhukudhan Friend nu oru relationship iruku, adhu ava kuda paduthudhan proof pannanumlu avasiyamilla and moreover padukanumnu thonumbodhu anga adhu sex oriented aidudhu..unmaya sonna indha govt indha madhri sila vishayangala legalise aaknadhe rmba thappu..,,,,,,,,,,,,,
Inga kalyana panna ponnu kitaigama kastap paturanga nenga enada na leasbian gay nu ithu manitha kula aliyota arambamğŸ˜ ğŸ˜ ğŸ˜ ğŸ˜ ğŸ˜ ğŸ˜ ğŸ˜¡ğŸ˜¡ğŸ˜¡,,,,,,,,,,,,,,,
Kalachara seerkedu unnoda urimai unnoda vachikkanum atha ipdi velipadaiyaa kaamichikkurathu udanpadu illa .ippo pasanga pasanga onna nadanthu poga bayama irukku antha alavukku neenga nalla vishayam pannirukinga,,,,,,,,,,,,,,,
Vera topic kedaikalaya. Kandraavi. Manam kettavanga. Thu thu.,,,,,,,,,,,,,,,
Nee ennathan ungala nayapaduthi pesalalum.. society ku niggal ellorum Chee thuu tan.. me2..thuuğŸ’¦,,,,,,,,,,,,,,,
Intha saniyanaaa pethavaluku sorgam kedaikaathu ithu kutti sevura porathu pathaama elaarayume kedukuthu,,,,,,,,,,,,,,,
ğŸ¤”eg:- Oru male dog innoru male dog kita poi thappu pannurathu illa. Female dog venumnu thedi poguthu. Oru periya male dog puthusa pirantha kuti female dog kita poi thappu panrathu illa. Athu valanthu varumvarai wait pannuthu. Manushangatha chinnapillaya rape panrathum same gender kita sex vaikrathumnu seirathulam senjitu niyaayam pesuraanga. Iyarkai namakku niraya examples theliva koduthurukku. Intha comment ku oppose pannitu pesa varravan atha purinjikitu vazhntha nallathu. Illana epdiyum poi thola. Enaku reply pannatha.,,,,,,,,,,,,,,,
Ithu 9 ah,,,,,,,,,,,,,,,
Ooru enam searkari kartharuku munpaaga aruvarupanadhu,,,,,,,,,,,,,,,
Malini Neenga epdiyo irunthutu ponga aana aduthavangala mathatheenga,,,,,,,,,,,,,,,
Madame neeke edo France le irekere maderi  pesadike, neeke lesbien a irekere tale neeke anpule seyre ellame seymadike , neeke kannadi mune  poye nede ounekale neekele todere maderi tane irekuma vere oru ponne todume pode.,,,,,,,,,,,,,
Onga Appan onga amma va kalyanam pannati nee peranthurukavae matadi avusari mavalae,,,,,,,,,,,,,,,
Idhu vaaya paathiya.. Periya laadu mathiri peasura... Ne lesbian or gay based on girl or boy.. yenga makkal yenga makkal nu peasadha ok va.. dog kuda boy to boys nu sex vachikudhu ninga andha arivu kuda ilama ipadi alayura.. thani manidha urimai na ne media la peasa kudadhu,,,,,,,,,,,,,,,
Podi sex paithiyam...  Periya thiyagi maathri pesura...  Iyarkai (nature)  ku against ah vaalura oru maangketta vaalkaiya vaalndhu asingam pannitu periya pudungi maathri pesura..  Un amma va kuda vida maata pola...  Sex veri pudicha moodhevi...  Kevalam...,,,,,,,,,,,,,,,
Ulaga niyadhikku murambanadhu ; ...ulagam azhinjidum,,,,,,,,,,,,,,,
Pode thevidiya Munda.. kaalaacharatha keduka vandha naai. Tamil manoda arumai theriyama pesitu iruka. Idhu iyarkaiku against aana vishayamum kooda. Periya thyagi Mari pesuraa. Poi ungomaa kooda lesbian iru.,,,,,,,,,,,,,,,
Dai high court paathiya ; Intha naaingaluku rights kodutha eppdi aduthuinga paaru; ; 8:08 ğŸ˜ ,,,,,,,,,,,,,,,
Nee yenna romba padichittiya...iyarkkaikku ethira nee kevalama onna pannittu irukka... thoo maanangettavaley., vekkama illa... ellaraiyum kedukkathinga.... ithu than pen sudhanthirama....,,,,,,,,,,,,,,
apdiyada baddu paiya.en pool mudiya kuda una pudunga midiyathuda potta thevidiyapulla,,,,,,,,,,,,,,,
@gpbroÂ  vada Ambala thevidiya magane vada unnathanda ethana nala kundi adikka kathuruke.. kommala unnoda kundi vinkuthuda ğŸ˜‚,,,,,,,,,,,,,,,
1:47 Itha panniruntha nallarukumğŸ‘‡; ; Avanga:nee paka paiyan maari iruka?; ; You:neengalum paaka ponnu mari than irukinga nan nambalaya?; ğŸ˜‚ğŸ˜‚ğŸ˜‚ğŸ˜‚SorryğŸ˜‚ğŸ˜‚ğŸ˜‚ğŸ˜‚,,,,,,,,,,,,,,,
Pongada parathesigala it's very very very wrong itha panravanga pichakara karumanga....,,,,,,,,,,,,,,,
Judge sir avana neeğŸ˜‚ğŸ˜‚,,,,,,,,,,,,,,,
Can't accepted..  Its based only on sex....sex ah thandi yevlavo eruku.. Karumo ..etha support pana kudathu punishment than kodukanum.. Support panuna evanunga meethi erukavangalauim keduthuruvanga,,,,,,,,,,,,,,,
Aruvarupu,asingam. Naturendra perla ishtam pola nadakakoodadhu illaya,,,,,,,,,,,,,,
Pongada Gay pundaingala.. Idhuku sila public support vera.. Nasama poi savunga,,,,,,,,,,,,,,,
Yavlo pirachana iruku intha mutta pundaiga thirpu sollirukanga paru sonnavana patha serupala adipan,,,,,,,,,,,,,,,
@P. Nagaraj _ 43Â  oru naaal nee roadla pogumbothu kundi la pooola uduvaaa vaangikoda thevidyaaa naaaye.... Elllame manasa poruthu thaaa.. Evano apdi porakaaala da emantha kooothi....,,,,,,,,,,,,,,,
@P. Nagaraj _ 43Â  un sooothula vitu saavadicha nee sethupoitana ena bro panuvaaa...Un vaalkaila avamaano. Mato thaaa... Unna oru ponukoooda kalyaano panaathu..,,,,,,,,,,,,,,,
@P. Nagaraj _ 43Â  naa oru thapaana visayathuku encourage.. Panamaata bro...also very sry for that words.... Simple ahh oru logic kekura bro... Sex aiya namba istathuku virupa patavanga kooda panalanu sola poiyu thaaa chinna kolanthaiya kooda panraanungağŸ˜–Ithe nelama thaa future la aana aambalaiko sethu ithu nadako...second oru aambalaiku ethava thaa oru pombala...third intha ulago elaaraiyo emaathi vechiruku,,,,,,,,,,,,,,,
Neengala Chennai la kekuratha vitutu south la vanthu kelunga seruppala adipanga,,,,,,,,,,,,,,,
Hahaha judge pilaikum Avan thambi pillaikum Kalyanam Pani vaipaara.. inaiku orina serkai ok solvanga naaliku manishanum miragamum pana thapu Ilanu theerpu solvanga..,,,,,,,,,,,,,,,
@Kadhayalla NijamÂ  yenga ithukellam Enna awareness venum ... Innum poga poga animals Kuda sex vachupanga , athaiyum accept panunga ..  sex na men and women mattum panrathu tha ..  summa ivangala onnu create pannikitu .... 100 year ku munnadi ithellam kidayathu .  Ipo vanthutu suma olarama ponga bro,,,,,,,,,,,,,,
Pooda thevdiya potta punda,,,,,,,,,,,,,,,
Ungka appanaium athavaium kondu poi vedu pannuvangka,,,,,,,,,,,,,,,
Thoo potta thevdiyaa payalunga gothaaEthu Onnum thappuu Eilla jiiiiiiii,,,,,,,,,,,,,,,
@Kalai ArasanÂ  naaye... Pinnale paadhi per gay ah maarna neeyum payyana dha kalyanam pananum... Poi saavu,,,,,,,,,,,,,,,
100%wrong.ponnukku aanum aanukku ponnumthan sari. enakku vayasu 29 marriage ahala oru ponnukkaga Engum enakkuthan theriyuma intha theerpu evlavu gobatha tharuthunu,,,,,,,,,,,,,,,
Muttalthanama pesureengalapa  female +male thane baby pirakkum appram ethukku kudumbam,,,,,,,,,,,,,,,
Andha akka kettuchi paarunga judge paiyanukum avaru thamby paiyanukkum marriage pannivainga,,,,,,,,,,,,,,,
solra naathari ella orina saerkai sarinu solluthunga athunga appadi thaan pola chee naaingala,,,,,,,,,,,,,,,
Thirppu sonna Charja Seruppala adikkanum,,,,,,,,,,,,,,,
Angalum pengalum thirumanam seidhu ingu ozhukam keta vazhkai vazhgirargal kallakadhal seigirargal vibacharam seigirargal indharku peyar dhan kalacharama illai neengal seivadhu thevadiyathanam indharku thunai pogadhan neengal kural ezhupugirrergal kevalam epapathalu ambala pombalayoda padukanum pombala ambalayoda padukanum idhuku matum badhagam vandhuvida kudadhu mathadhella kaathula paraka vittachu,,,,,,,,,,,,,,,
Nam Kalacharathirkkum Eyarkai Niyathikkum Ethirana Theerppu.,,,,,,,,,,,,,,,
Ne homosexual panuviya,,,,,,,,,,,,,,,
iyarkaike yethirana onru ithai aatharithu pesuvatharke asingapada vendum,,,,,,,,,,,,,,,
sappatuku pathila manitha kaliva thinga sollunga ethuvum possible than,,,,,,,,,,,,,,,
Ksndravi idhellam sattam nu kodukka kodadhu kandukama vittudanum nalaiku animals kitta panna pidikum na adhu 388 nu sattam nu solli sattam poduvangala idhellam nalladhuke illa aruverukka thakka vishayam,,,,,,,,,,,,,,,
Thappudhaan matra uyirinamgal kadavul vdhipadi vazhndhukittu irukku aanaal manithargal kadavul padaipai udhaaseenapadudhra maathiri vaazhraanga ,idhanaal inimel ulla, thalaimuraigal muraiya thrumanam seithu vaazhradha kevalama nenachiruvaanga thavaraana theerppu, thavaraana vazhikaattudhal,,,,,,,,,,,,
Kandipa itha accept pana kudathu.western agree pandrangana athu avunga culture ku acceptable but namba culture affect pana kudatha,,,,,,,,,,,,,,,
3:10 ladyku pathil sollunga parpom...thavarana seyaluku muttu kodukka ninaipatu thavaru...,,,,,,,,,,,,,,,
Akka supera judge haa titunegaa super. Inthaa thirupu naala naadu dhan ketupogum....,,,,,,,,,,,,,,,
girubhakar T Dai gomma potta punda kooothi myruu Gotha echa poriki thevidiya sunneee oooombu Da porampoku thaaivaliii,,,,,,,,,,,,,,,
girubhakar T dai gomma thevidiyaluku porentha thaaivaliii gay punda,,,,,,,,,,,,,,,
Po d 9ngala ningalum un kadhayum,,,,,,,,,,,,,,,
Proof enga d 9???,,,,,,,,,,,,,,,
Kadhayalla Nijam Ina d potta poolu venuma ?,,,,,,,,,,,,,,,
Asingama iruku Intha pilaygalayellam kapathanum kudumbamna appa,amma,anna,akka,thambi,marumagan,marumagal,appa magalode paduka mudiyathu,magan ammavoda paduka mudiyathu freedomnu sollitu ellorum ellorode paduka mudiyathu,nalaiku itheyum leagal akkuvanuga intha ambedarkar yen neekavillai,history nadanthuyellam nallathunu solla mudiyathu,itherku ore thirvu petrorgal pillaigala sariya valakanum illena ippaditha.,,,,
Poi saavu da,,,,,,,,,,,,,,,
Vj bro.. Improvement venum.. Talk boldly madakki madakki Kelvi kelunga bro.. Konjam face la smile irrukkalam.. Am against LGBT ğŸ˜ˆğŸ˜ˆğŸ˜ˆ,,,,,,,,,,,,,,,
Kevalama iruku. Aambalaiyum ambalaiyuma da. Karumam paambum paambum epdi man onnu serum pambu nu onnu irundha pondhu nu onnu irukanum. Loosu,,,,,,,,,,,,,,,
nalla ubmuvaya,,,,,,,,,,,,,,,
En suniya en frnd pudicitan,,,,,,,,,,,,,,,
Ipdi ellarm kum panna...AIDS varatha...tha...broo,,,,,,,,,,,,,,,
Sir neenga ambalaiya sir ....unga moonja partha apdi theriyalaiye daii saniyaney first ne oru ambala mathuri iru da,,,,,,,,,,,,,,,
Ne ampalya enna,,,,,,,,,,,,,,,
unnala Da yalla trunagaiku ketta paru,,,,,,,,,,,,,,,
Antha potta pundaiya konjam Namba area ku Vara sollunga ...pallu pundaiya odachi anupalam,,,,,,,,,,,,,,,
Dei iduga ena Vena pantum aana buskula matum idugala vidama Pana Nala irukum .....idu pakathula thoda vandale Kayla iruka ela kaasayum na bayathula kuduthren.......,,,,,,,,,,,,,,,
Theivame enna polave irukkingale. Payathula nanum alli l; Potruven,,,,,,,,,,,,,,,
actress podunga daa,,,,,,,,,,,,,,,
MEYYAZHAGAN BALAKRISHNAN  unmai Anna evvnalam HIV Sava poragal,,,,,,,,,,,,,,,
Ama jenitics mari appavoda,ammavoda,kulainthangaloda,animalsoda,dead bodysoda kamam vanthuduchina atheyum leagalakiduvingila vibachara media thappa curecta kattuthu.,,,,,,,,,,,
SUPERSTAR VIJAY daii unna unga amma eppadi petha paiyanava ponnava silly 9,,,,,,,,,,,,,,,
Ponna adhu?ğŸ™„ğŸ¤”ğŸ¤”ğŸ¤” Apo payyan ilaiya,,,,,,,,,,,,,,,
sai ram avana nee,,,,,,,,,,,,,,,
Smart Subash daii neya avanungalakku support panra nee 9  illa Gaya maiyuru ulagam alinchi pothu ğŸ˜¤ğŸ˜¤ğŸ˜¤ğŸ˜¤ğŸ˜¤ğŸ˜¤ğŸ˜¤ğŸ˜¤ğŸ˜¤ğŸ˜¤ğŸ˜¤ maiyuru adathavana nalla vallikku kondu varanum illa ithu thappu I sollanum naye,,,,,,,,,,,,,,,
SUPERSTAR VIJAY dai 9 ethana Peru ungala samuthayathulla ethukkuranga sollu maiyuru dai punda kadavil Aan pen enruthan padaithaar unnamari 9 tha illa thevidiya paiya,,,,,,,,,,,,,,,
SUPERSTAR VIJAY  ennaa paiyana thandi pethanga unna eppadi pethangalo appadi  iru ethuggu trans avara punda,,,,,,,,,,,,,,,
Correct ta sonninga repent jesus,,,,,,,,,,,,,,,
@Sharuk SameerÂ  dai naye poi un amma kita solu itha serupala adipanga... Intha lesbian nay etho solitu irukunu ne support panriya... Un akka thangachi kita poi itha solu,,,,,,,,,,,,,,,
Gay payale doctor consult pannuda,,,,,,,,,,,,,,,
Anda 1000 kuppaeigaluku urimaei yaarumme kooravillaye aana inda kuppaeikku kekkaraanga illa...!?yevvalavu things nature'ku yedirra irukku adunaala manida inam is not gonna flourish same as this.....,,,,,,,,,,,,,,,
@Smart SubashÂ  ene panenom lesbienne relation is normale is not noi next gÃ©nÃ©ration le achu mathevagela vale vidugeda,,,,,,,,,,,,,,,
@Smart SubashÂ  neengalam lesbian supporters ah???  Apo un pullainga kandipa gay and lesbian ah dha porakum...,,,,,,,,,,,,,,,
Ivan or ival  boy Illa girla  ğŸ˜‚ Ival; Ivan 9 na ğŸ˜‚ I'm confused ğŸ˜•,,,,,,,,,,,,,,,
ethukulam yaaru kaaranam pls thinking pannuga evangala odaviduga,,,,,,,,,,,,,,,
vazhapu seri illa...unga appa unna mari iruntha unga amma unna mari iruntha nee poranthu irukka matta ...ippadi nee penathuratha naanga kettu irukka mattom,,,,,,,,,,,,,,,
Modhala ni payana illa pnu ha slu,,,,,,,,,,,,,,,
Podi punda mavale poi thooku maati saavu lesbian kandarolinga chaik,,,,,,,,,,,,,,,
Culture kum ithukum connect Ila nu solla varingala etho transgender na paravala aambalaiyum aambalaiyum mam pombalaiyum pombalayum mam ssss ipaaaaa mudiyala,,,,,,,,,,,,,,,
@Kadhayalla NijamÂ  poda gay Punda mavane,,,,,,,,,,,,,,,
inum konjal ponah family kuliya sex panlanu soluvangah polah..............................,,,,,,,,,,,,,,,
Inga Aadunga ğŸ kooda sex pandranunga oru group !!! Karumam !!!,,,,,,,,,,,,,,,
Homosexual nayungala adikkanum oda odağŸ˜ ğŸ˜ ğŸ˜ ğŸ˜ ğŸ˜ ğŸ˜¤ğŸ˜¤ğŸ˜¤ğŸ˜¤ğŸ˜¤ğŸ˜¤ğŸ˜¤ğŸ˜¤,,,,,,,,,,,,,,,
Unga appa ippadi homosex vachi iruntha ne poranthu irupiya naye poruki,,,,,,,,,,,,,,,
Kolai Seibavan Kooda avanukku oru niyayam vaithiruppaan. Adhanaal avan seivadhu sari illai.,,,,,,,,,,,,,,,
Poda karpatt mandayaa sorry podi (confuse agiteen).ğŸ˜”ğŸ˜”,,,,,,,,,,,,,,,
Dai ali mandayaa firstu nee ambalaya ? pombalaya ?,,,,,,,,,,,,,,,
Unarvugal pathi solluringale.. apo neenga unga amma mela oru unarvu vantha avangalayum ipdi than pannuvingala????...; Ithey neenga adopt panra ponne unga kooda unarvu adipadaila ungaloda thorapu vachukka virumbuna ok solluvingala....; ;  Puthisaliya pesratha nenappu intha ponnuku ponna paiyana ivanga??...,,,,,,,,,,,,,,,
Anchor sir.. ungala than suresh kuppusamy homophobic abuser kekiranga..,,,,,,,,,,,,,,,
sothom kumaravin. pavam ?,,,,,,,,,,,,,,,
Iva naaya vida kevalamaanaval,,,,,,,,,,,,,,,
Onnota ponnu ipdi Panna vituviya,,,,,,,,,,,,,,,
Uruppadatha nattukku ithu onnu mattumthan than Baki tthu...,,,,,,,,,,,,,,,
Elam ok but male to male & female to female nu vaaltha future la humans irukave matangaley,,,,,,,,,,,,,,,
Aei.....NEE ATHU THAAANEEE............,,,,,,,,,,,,,,,
@Shesa ShesatriÂ  nee kevalama yosicha yellamey kevalamatha ireko.. Etheyume positive ah paake katthuko. Nyana suniyame,,,,,,,,,,,,,,,
Advice lam nallan tan eruku..Appe un magalai ..enna mathiri oru rendungketanuku kalyanam pannikudupiya??,,,,,,,,,,,,,,,
Eval oru 9 eva namala pathi thappa soltra,,,,,,,,,,,,,,,
Eva kettupona mattum ellama oru ponnu vazhkaiya veenakitta. Suyanala kama pei,,,,,,,,,,,,,,,
Iiithupona munda knjakuda kadavul mela payamo illa nambikaio illama pesara seralira munda......kotha engayavuthu patha konruva.......,,,,,,,,,,,,,,,
Intha girl ku veakkama illaiya pubilc ah ipidi kathaika sexse  nega vaikkuratala ena varuthu epidi sexse panara 2 sexsem sem ah irukkurapo ithalam sari illa nega kudumpa kuthu villaka mara try panuga athan ungaluku nallam unga kudumpathukkum nallam,,,,,,,,,,,,,,,
Eva pombalayaa Illa ambalayaa Illa 9 tha?,,,,,,,,,,,,,,,
Nengal solvathu sari endral angalum kuda vethiyil nadaka mudiyathu vulagamey red light Ã rea ayidum.ennaku 7 arivu vullathu enbathal naan kadavulaye vimarsikkalam enbathu ungal karuthu.......ungal karuthai en arivai kondu (homosexualitaty) oduka virrumba villai athu pol nengal kaduvulai vimarsika vendam .,,,,,,,,,,,,,,,
kattupaadu pirakradhula enna thappu iruku; ungla oru kattupaatukulla ozhukama  valarkaadhadhu  tha ipa neenga pesuradhuku kaaranmaa ; ; oorinaserkai yerkanave irundhadhu thaa illanu sollalaadhu seyakoodadha ondru enbadhinaala tha adhu vendamnu sollavendi iruku; ; ; nenga solramadhiri paartha yaaru yaaruku vidhi vidhikradhu nu keta edhuvume oru ozhukathula irukaadhu ; ; kattupaadhu pirakradhu edhuku theriyuma oru ozhungu nilaiyila manidhan irukanum ndradhukaaga tha ; ; na edhuku mathavangaluku payapadanum na edhuku enna kattupaduthanum nu ellarum kelvi kettu vazhndha ipa irukradha vida ulagam innum mosama aagividum; ; manidhan thannudaya manadhai sariyaa aalanum manasila vara ella ennangalukum ella unarvugalukkum edam koduthaa avan sariyaana manidhane kedaiyaadhu; ; manidhan sariyaa irukanum ; ; pagatharivu idhuku thaa manidhil varum ennangal sariyaanadha illayanu nidhaanithu paakathaan; ; kadavul pakthi ulla penna neenga irundhinganaa ipadi pesamaatinga  unga manasa sariyaana amaipila nadathi iruppinga,,,,,,,,,,,,,,,
Worst human being,,,,,,,,,,,,,,,
Yendi nayai gays vida hetero kaivala manavagala ? ; Podi kudhi nayai ; Naama innam azhivu kalam unnai maari lesbien aala azhiyaa pothu,,,,,,,,,,,,,,,
Innaiku pullaga rottula pona Kaiya pudichu ilukaranga...  Naalaiku Pasanga pona ilupanga athaum ippa Marie Kai katte waydika pakkawayndithu thaan.,,,,,,,,,,,,,,,
Nalaa kozhappura d alien mandai po d poi ponnu maathiri mudi valathittu va,,,,,,,,,,,,,,,
Ithula pakkum pothu Hiv ah vida mosamana disease la varpothunu theryuthu,,,,,,,,,,,,,,,
ivanga ponna paiyana .....,,,,,,,,,,,,,,,
Wolaguthela kevalamana pirapu .kevalamana seyal ungalalam engaiyum allowd panna kooddhu,,,,,,,,,,,,,,,
Asingkama itukku.....   inimel best frd endu kooda yarodaiyum nerungki palaka mudiyathu pola... aandava,,,,,,,,,,,,,,,
Ne la manusha piravi ya cha,,,,,,,,,,,,,,,
Neenga solrathellam sarithaan....  Singles nelamaya konjam yosichu paarunga...  Erkanave ponungaluku demand...  Ellam lesbian aitaa naanga enga porathu...  Naanga saamiyaar thaan aganum...  Sathiyama homo aagamatten...  Future la ponnukedaikaamaiye homo agaporaanga nalla theriyuthu.... ğŸ˜­ğŸ˜­ğŸ˜­ğŸ˜­ğŸ˜­,,,,,,,,,,,,,,,
ithu pombalaya aambalaya mental mari pesuthu komba,,,,,,,,,,,,,,,
Orinaserkkai miga periya pavam, sothom komara patanathai theeiyinal azhitha Pavam...vendam Manam marungal,,,,,,,,,,,,,,
Vaai valiyadhan sapdanum, soothu valiyadhan sapduvenu sonna, sapdu........,,,,,,,,,,,,,
yaru intha loosu munda,,,,,,,,,,,,,,,
Podi thevidiya munda evala kolungada,,,,,,,,,,,,,,,
This type of addiction...''iyarkaiye onnuku onnu muranbada iruku'' kevalamana explanation....thuu,,,,,,,,,,,,,,,
Unna mari unga appan unga amma ninaichi iruntha nee eppdi porathu irupa..podi munda..sorry poda munda...enna soldrathu unna,,,,,,,,,,,,,,,
Like that oru ponuku oru male organ avaloda vagina la pogum bothu tha sex sugama erukum, rendu ponunga sernthu ena panuvinga, banana or carrect ella fingers ah,,,,,,,,,,,,,
Podi punda. Itha unga appan paniruntha ne poranthurukamata d,,,,,,,,,,,,,,,
Evol tha neega koovi koovi sonnalum ithu thappu thaa enna tha nee kathunalum. Sun set east la nadakathu... Athu west la set agum... Ithu thappu thaağŸ˜ ğŸ˜ ğŸ˜¡,,,,,,,,,,,,,,,
thuuuuuu keavalama iruku,,,,,,,,,,,,,,,
Ithu oru  Kevalam. Unarvugal endra Peyaril  Ithai niyaaya  padutha mudiyathu. Ithu  Oru oonam  allathu wrong sprit.,,,,,,,,,,,,,,,
Di ..palavatra oenga appan ,enoru Ambala Kuda padutha noi vanthurukum ,ne vanthuruka Mata...kandapadi okka asai padura ne olukatha pathi pesura..,,,,,,,,,,,,,
Podi lusu..un pecha keta irritatinga iruku ellam therinja genius mathiri pesura...gay lesbian ulagathula uruvaaganumna avargal thai thanthaiku pirakkakudathu...thai thanthaiku piranthavargal gay lesbianaga irukakudathu..avargal thai thanthaikum intha ulagathukum aruvaruppanavargal....ivargal thotruviyathi mathiri ivargalai makkaloda vaalavaithal ivargalai pola ilaingargal maarividuvargal piragu enna nadakumendru sinthithu paarungal...ivargalai othukividungal....oruvan pirakkumbothu lesbianaga gayaaga irupathillai...avargal  valarumbothu seium thavarugal than ithu..ivargal thavarana padangalai paarthu antha aasaiyai poorthi seivatharkku than inathavargalodu inaigirargal homosexku entha unarchiyum ilai ivargal seium thavarai niyapaduthugirargal... thirunangai pirakkumbothu appadi pirakkirargal athu iyarkai..aanal homosex ivargal nam naatirku saabakedu...,,,,,,,,,,,,,,,
Chi karumam...othukiye vaikanum..,,,,,,,,,,,,,,,
Emma ne sapadula samparuku bathila saniya oothi sapduviya,,,,,,,,,,,,,,,
Valkiey alievie thedie poreengaley,ithu oru peria pavam ,nala visiangaley pesama unaku thevianathu eduthu hitu un thapie nyapaduthara?,,,,,,,,,,,,,
Antha kulanthiha ungalie patha epadie nala valarum,nala yochi pesunga ulaham poratha  nenacha byamairukuthu,,,,,,,,,,,,,,
@sowmya asokanÂ  Tiching Tiching      no.2 Va di nee ???,,,,,,,,,,,,,,,
naagarigattai azhikka tudikkum saniyangala. india la oru nalla kalaccharam irukku adha naasam pannadinga.,,,,,,,,,,,,,,,
Aids - paravum.,,,,,,,,,,,,,,,
Praveen kumar poi olli ...neenga elam inga eduku iruka...,,,,,,,,,,,,,,,
appo unna tha first adikanom,,,,,,,,,,,,,,,
Nii modhala payana ponnağŸ¤”ğŸ¤”,,,,,,,,,,,,,,,
Nee penna naane confuse aaitten ...,,,,,,,,,,,,,,,
Epdiyo poi tholainga !!! Ipo unak enna vaenum sex pananum panika !!!,,,,,,,,,,,,,,,
Ooh avena neeyi,,,,,,,,,,,,,,,
Praveen kumar comment purinja pesanum, illaâ€™na poite irukanum. Naan avala manushanga illaâ€™nu enga solli iruken? Oru theva illatha, kevalamaana subjectâ€™ku ivlo puratchi aalar maathari sceneâ€™a poda vendiya avasiyam illaâ€™nu thaan sonen. Pombala naayum pombala naayum onna irukurathu nee paarthu irukiya? Iva paarthu irukalaam. Ivlo poi pulugi oru asingamaana visayathuku alapara kuduka vendiya avasiyam illaâ€™nu thaan solren.,,,,,,,,,,,,,
Ajithan CJ pongada vennaingala...,,,,,,,,,,,,,,,
Ini aanum aanum aanum and pennum pennum friendsa pesina kooda thappa dhan parkka paduvargal.so sad,,,,,,,,,,,,,,,
damaal dumeel aluthamanatha....ha ha ha...kevalamanathu...,,,,,,,,,,,,,,,
Unna paathale aruverupa iruku, modhalla nee pombalaya iru di, adhudhaan namma TamilNadu ku identity, thooo un attitude pathale vaandhi varudhu, karumam thu,,,,,,,,,,,
Yerkanave AIDS vanthuduchi pola,,,,,,,,,,,,,,,
@Saran RajÂ Aids vanthavarkal Epadi iruparkal engintra pothu arivukuda ungalluku illai!!!,,,,,,,,,,,,,,,
@Jose MorphinÂ  dai kiruku biblela ippadilam pannakudathunu solliruku..makkal nalanukaga than sollapattiruku...ellarun suyapunarchi seiuran enbathai unala proof pana mudiuma...oruvan valithavari ponavanthan intha thappellam pannuvan...,,,,,,,,,,,,,,,
Intha marie asingam nadanthathala oru patanam alinthathie solranga,,,,,,,,,,,,,,,
S sir bible'a iruku but evnga kita sona athukum ethachum soluvanga, ipde onu nadanthuchna  india'ku alivu nichayam, Sodom komoravula oru nalla manushan iruntharu loth but indiala ethana Peru irukanga apdi iruntha namalum thappalam alivula irunthu,,,,,,,,,,,,,
Kevala piraveengala neenga,,,,,,,,,,,,,,,
Thuppu katta pozhapu,,,,,,,,,,,,,,,
Judgement kudutha naaye saavuda porambokku,,,,,,,,,,,,,,,
Idu thappu nu solra ellarume sex ah pathi mattu than nenakranga..... mattravargal yaar yaarai kaadalika vendum endru naam mudivu seivadu  oru kevalama seyal,,,,,,,,,,,,,,,
avan aruvisavan avonouku  annoudayağŸ‘ğŸ‘ŸğŸ‘ğŸ‘ŸğŸ‘ŸğŸ‘ŸğŸ‘ğŸ’„,,,,,,,,,,,,,,,
Pongadaaaaa gay Pu.....,,,,,,,,,,,,,,,
Ulakathil aan pennukkakavum pen anukkakavum padaikkapattavarkal   ithil matram seivathinal iruvarukkum ulla binaippu nichayam udaiyum anbu thaniyum,,,,,,,,,,,,,,,
Andha Judge ja Seruppala Adikkanum!,,,,,,,,,,,,,,,
kadavuluku ethiranathu ithu ..kadavula meeruna sakthi manushangaluku epavume kidaiyathu.. ulagathin azhivukana aarambam ithula..,,,,,,,,,,,,,,,
Orina  serkai  enbathu  kevalam    makkal  thokai  athikamaguthuna  first   itha  pannavendiyathu  thana  appo  enga  pochu  mula,,,,,,,,,,,,,,,
ivlo naal maranji maranji thappu pannavala ini dhairiyama pannuva.,,,,,,,,,,,,,,,
petti kekura paiyane gay dan nu theliva theriyuhdu,,,,,,,,,,,,,,,
Ganja sarakku lam unga odambuku kettadhu! Oru paiyan innoru paiyan ah love panradhu epdi odambuku kettadhu?,,,,,,,,,,,,,,,
LGBT agree pandravanunga ellarum manangeta naynga,,,,,,,,,,,,,,,
nay panni maatu innam konchanal pona adhaium seyyalamguvanga,,,,,,,,,,,,,,,
Va d 9 usu vinoth,,,,,,,,,,,,,,,
Thevdiya mavana unna adichi kolanuda,,,,,,,,,,,,,,,
it's a very very wrong things nature ku veerotham mana kariyam itha aadharika mudiyathu......,,,,,,,,,,,,,,,
à®¤à®©à®¿ à®®à®©à®¿à®¤ à¯¨à®°à®¿à®®à¯ˆà®©à¯ à¯­à®¤à¯à®•à¯à®•à¯ à®šà¯Šà®²à¯à®²à®©à¯à®®à¯ à®’à®°à¯ à®µà®¿à®µà®¸à¯à®¤à®¤à¯ˆà®¯à¯‡ à®‡à®²à¯à®²à¯ˆà®¯à®¾à®Ÿà®¾ à®‰à®™à¯à®•à®³à¯à®•à¯à®•à¯.....; ; 6 arivil irunthu 5 arivu nokkithan poranuga...muttal payaluga...ini familkulaiye sistersah ammava marriage panalamnu solluvanuga... ithuthan sarisamam...sattamnu soluvanuga...muttal kootam... kali yugam naii pandirgal matrithan nadakum,,,,,,,,,,,,,,,
Kadavulin kadaiku migavum alaganathu..... epadinaum valalam nu nenachi athu valkai illa.....pengaluku mattum uriyathu kulanthai petredupathu..... orina  serkaiyal ellame marupadum....,,,,,,,,,,,,,,,
aids varumey ,atharkku neethi mandram marunthu kodukkumaa ? neethibathikalaaga irukkum  anaivarum ithai oppukolkiraarkala ? balathkaaramaaka oruvar  oru siruvanai      ( pandriyai pola  )punarnthaal  entha sattappadi thandanai koduppeerkal .? jai hind .sollanumaa? baarath maatha ki jai sollanumaa >?ini mathaa eppadi varuvaal ?,,,,,,,,,,,,,,
ean  boomi thannai thanea sutrikkondu  :sun:suriyanai sutruginrana,  ean  aanum  pennumaai  padaikka  pattana, ean   suriyan  kizhakkil mattum  uthayamaginrana  (sila athyaavasiyamana   kattuppadugal  illatha vazhkai  vazhkaye  illai)   ithu  thavaru,,,,,,,,,,,,,
Ulaga azhivuku muthal #pillayarsuzhiğŸ˜ ğŸ˜¡; Kadaisila à®†à®£à¯ à®ªà¯†à®£à¯  Iruvarukum à®®à®²à®Ÿà®¿ à®ªà®Ÿà¯à®Ÿà®®à¯ à®¤à®¾à®©à¯,,,,,,,,,,,,,,,
Idu sari nu solita.boys eppadi bathroom poradhu.,,,,,,,,,,,,,,,
Unmai...oru thirunangai enmagan Mel kai vaithu enkann munnadiyae asingama pesina.... Enpayan appa than just 9std padichitu erundhan...nan satham potadhuku, ennai avalo asingama pesinadhudan enaku ennai sutri erundha anaivarum verum vedikai than Parthanar...yaarum udhaviku varala.... thirunangai yai thitina paavamnu solranga...but avanga thirunangai apadingiradjae advantage a yeduthukaranga.... Yaar ketpadhu...,,,,,,,,,,,,,,
Entha naykala kollunga sir,,,,,,,,,,,,,,,
Ethungala Athey edathula nikavachi serupala aadikanum ethunga pathi peru epadi Kevalama eruku,,,,,,,,,,,,,,,
ethu alam rampaa overğŸ™„ğŸ™„ğŸ˜¬ğŸ˜¬ğŸ˜¬ğŸ˜‡ğŸ˜‡ğŸ‘ŠğŸ‘ŠğŸ‘Šentha naigali ğŸ‘ ğŸ‘ ğŸ‘ adichi anapanum.evargal thoulai thanka modiyala,,,,,,,,,,,,,,,
Otha saavadikkanum ivangalai.,,,,,,,,,,,,,,,
seruppala adinga intha nayingala,,,,,,,,,,,,,,,
onna senthu adichu amanathoda oda vidanum.intha poriki naaigala.onu rendu tha olukam.matha thela thevidiyaluga tha.ithunala tha inthungala naai mathri pakuranga,,,,,,,,,,,,,,,
@à®…à®ªà¯à®¤à¯à®°à¯ à®°à®¹à¯à®®à®¾à®©à¯Â  avan oru Ali pola iruku... Athaan ipdie pesuran ji.... Vidunga,,,,,,,,,,,,,,,
Manikandan  ithunga thollaithan thaangalena neengalum yen sanda podringa bro s,,,,,,,,,,,,,,,
9 elathium savadikanum,,,,,,,,,,,,,,,
Savvadi this 9 dogs sai,,,,,,,,,,,,,,,
Ali tevidiya vela Dana pappanga engayum vanthuduchungula,,,,,,,,,,,,,,,
Inda naigla thookla podanum,,,,,,,,,,,,,,,
Dai potta punda nenum 9 pundaya,,,,,,,,,,,,,,,
Ivan ambala potta vesam potturukan ivana pedicji jaila podanum,,,,,,,,,,,,,,,
9no Ariel adithal kaja kaja kujua kuja,,,,,,,,,,,,,,,
Thevidiya mundaikala otha ommala ivalungaluku support panra baadu pasangala serupala adikanum,,,,,,,,,,,,,,,
thu naayingala kadavul adhanalathan ungala ippadi padaitthu irukirar,,,,,,,,,,,,,,,
Edhunga tholla thanga mudila. Evangaluku support pandravanga parunga endha vedio ha,,,,,,,,,,,,,,,
Naama asingaththukku payandhu odhungi poradha ivalunga saadhagamaki than ipdi panralunga.ewanavadhu 4 appu appinaanna mooditu powalunga..roadla ivalungala pathale bayama irukku,,,,,,,,,,,,,,,
9 thukala pathale kanduavathu,,,,,,,,,,,,,,,
Porambokku munda thevidiya paiyyan or thevidiya munda... 9 items,,,,,,,,,,,,,,,
Shavam poi chathoode ninak karumam veruthu ethokkea kanditt  arappakunnu chiiiiii,,,,,,,,,,,,,,,
Ivaragalai theru nai pola oda oda kallal adikanum,,,,,,,,,,,,,,,
Railway police ithungalam keatka matanuga..... Samaniya makkala pottu. Adika than laaiyaku,,,,,,,,,,,,,,,
Intha 9 evolo pesitu iruka ..pakathu la oru block t shirt potu paiyan headset pottu mudidu ukanthurukann...unmailaye antha black t shirt potruka paiyan than 9 nu ninaiken.....9 vta ...antha paiyana patha than athikama kovam varuthu......,,,,,,,,,,,,,,,
Nana irunthaa sevutlaya arainthu ieubben,,,,,,,,,,,,,,,
Entha naikalai suttu kollanum,,,,,,,,,,,,,,,
Na oruthadava friends kooda car la okanthurnthen ithunga varatha na pakala doora open panni kaasu kodu illati asingam padithurvean nu sonna so na kaasu koduthutean ithu mathiri neraiya nadanthurku romba mosam ithunga saabam vidrathu... Kaasu illa nu sonna theva illama peasunga  ,,,,,,,,,,,,,,,
Serpala adikanum......enga ponanulm ithuka tholla thanga mudila ...,,,,,,,,,,,,,,,
Kottayula kalala adingada,,,,,,,,,,,,,,,
Idhula kodumanai ennana...pala poli thirunangaigalum sutha aarambuchitanga.....vela vetti illadha ambalinga kooda saree pottukittu indha maadhiri oora yemathikitu thiriyiranga......,,,,,,,,,,,,,,,
Gomala ungala savadikanu thevidiyala,,,,,,,,,,,,,,,
Ne  yaruku porantha payana...pona,,,,,,,,,,,,,,,
ethula evara evangaluku eda othikudu vennuma. ....nenga first olunga iruka. ..8+1,,,,,,,,,,,,,,,
9 Thevidiyas...poi Vela senji sapdungade loosu koothiss...,,,,,,,,,,,,,,,
ith entha transgenders aano,,,,,,,,,,,,,,,
Train la irunthu pudichu thali vidanum pola iruku.. Ena polapu ithu.,,,,,,,,,,,,,,,
evalunga 9 nu confirm panitanga thrvidiya pullanga,,,,,,,,,,,,,,,
entha matheiri 9pundaikala serupala adikanumğŸ˜ ğŸ˜ ğŸ˜ ğŸ˜ ,,,,,,,,,,,,,,,
velakamatha uttu aatanum,,,,,,,,,,,,,,,
Yela 9 maduraiyila Nee ippadi  panniyirunthenna un sanga aruthuruppom,,,,,,,,,,,,,,,
intha aravani kumbalai adikka vendu ellorum sernthu,,,,,,,,,,,,,,,
ethugala thiruthave mudiyathu naayega,,,,,,,,,,,,,,,
Evangala serupala adikinum,,,,,,,,,,,,,,,
9 thugala olichaathaan naadu urupadum. Pesura petcha paaru. Nasamapona saniyen.,,,,,,,,,,,,,,,
Arun lee ni oru Alee,,,,,,,,,,,,,,,
anta 9 naiyi kundela metechu trainla eruntu talle vitrukaum,,,,,,,,,,,,,,,
na anga iruntha avana Otha savadichi iruippa antha 9,,,,,,,,,,,,,,,
Serupalaye adikanum..over talking..,,,,,,,,,,,,,,,
999999999999999999999999999999999999999999999999999999999999999999999999999999999999999999999999999999 potta potta potta potta potta potta potta potta potta potta potta potta potta potta potta potta potta potta potta potta potta potta potta,,,,,,,,,,,,,,,
Thevidiya pasangalukku koodhi koluppu aaiduchu,,,,,,,,,,,,,,,
seruppa kalatti adikanum.; veliya poi work panni sambathikka vendiyathu thana.; ipdi makkala asinga paduthanuma thoooooooo.; vaaila nalla varuthu.; puduchu jail la podunga sir...,,,,,,,,,,,,,,,
Ivangala Yarra uyiroda Vala sonnathu intha polappukku poi thookkula thongalam thu,,,,,,,,,,,,,,,
Eevagala Gun la Shut panne bro,,,,,,,,,,,,,,,
ithunga yen ippud alaithunga kaasuku poi ulaichu sapdunga 9 ngalaaa elllam eppud ukkanthu vedikkai pakkuthunge paruu chiii..pavam antha vayasaanavaru...cha,,,,,,,,,,,,,,,
Thirunangaigalla nallavangalu erukaanga but evangala Maari erukaravangala serupula adikanu vaila pesa kudathu bros,,,,,,,,,,,,,,,
Ali pundainga, onnu night la poo vachiu road orama nikardhu illa train la thottu thottu picha kaekardhu - indha saniyanungala ellam savadikanum,,,,,,,,,,,,,,
Iam tomboy but I don't like lesbian,,,,,,,,,,,,,,,
Dog ah love panna naye,,,,,,,,,,,,,,,
25 varushathukku munnadi indha vishayatha ketrunda seruppala adichurupanga.,,,,,,,,,,,,,,,
ladies u gents onna suthunale ella thapa nenaipanga. idhula ippidi vera vandhuruchu ini girls kudayum sutha mudiyathu ğŸ˜ğŸ˜ŸğŸ˜ŸğŸ˜Ÿ,,,,,,,,,,,,,,,
Ethala oru polappa.theruyula pora naikooda rode pannathu manusagatha ayooo,,,,,,,,,,,,,,,
mic ha pudingi thala mela adingada avala vanthuta mic thukituğŸ’ªğŸ‘Š,,,,,,,,,,,,,,,
Ivanga soldratha purunjukkave mudiyala. Ippo pudhusa keakuranaala namakku adhu asingama thonuthu. But after we all accept it . and Indian black ah tha irundhanga adhu namma culture but fair and lovely pottu white aaga virumburanga why America la irukavanga white ah alaga irukanga adhunaala. I accept that law .but holy bible and kurhan and bahavath geethai ellathulaum idhu thappunnu irukku.,,,,,,,,,,,,,,,
atellaam onnume ellai.; sarcaiyum ellai onnum ellai.; avan pee tingiraan nu evenum pee tingiraan.; ente nigalciyai yedukkuraangele avungelai seruppaale adinge.; ente progrme tevai ellai.; ente progrmme yeduttevingele seruppale adingge.; appetan tirunttuvaange.; yen evenunge butti yellaam eppadi pee tinge pogutu?; yellaam yemattu velai.; yella  drama.,,,,,,,,,,,,,,,
Unmai homosex seiravargal saavanum,,,,,,,,,,,,,,,
Don't support LGBT,,,,,,,,,,,,,,,
@tamil vellumÂ  you are perfect homosexuality munadi irunthatha katilum ippo athu athigarichitu iruku. So my suggestion is better avoid it completely. Brain illatha gents and ladies than konjam kooda yosikama kamavigarathula homosexuality la thalaiyiduranga. Adduthavangala paakaathinga nama behavior ra irukama that's the quality. Intha kalathula boy sa katilum girls than 100% homosexuality accept panurangana athuku kaaranum avunga suya kamathukaga illegaluku support. Irruthi nalula avunga history & family complete ta vanish ayirum.periyavunga pecha ketkama avunga istathuku nadantha avungaluku Santhathiye irukaathu,,,,,,,,,,,,,,,
Gayathri GovindRaj thevdya lesbain ah ne.  Pesra pecha paru.saakadaya thinnuviya d  ne sothuku bathila,,,,,,,,,,,,,,,
Ada thevdya payala. Ipdie ponna chinna ponna mattum kedukamatanva. Chinna pasanglaium chinna vayasule kedupaanva. Valarum vithatha poruthu than irku ithu. Pathi pasangla chinna vauasula gay aaki vitruvanunga. Mutta payala olunga irka idatha saakadai ah matha solriya ne,,,,,,,,,,,,,,,
Homosex koodiyana nee,,,,,,,,,,,,,,,
Evanungala aambalaiya .  9 ku avlo mathippa entha samoogathula .. rathatha paathukooda oruthanu kekkala ..,,,,,,,,,,,,,,,
Periya ambalapunda mathiri orutha pesura paru porambokku punda kommala ithapathuttu replay pundra potta,,,,,,,,,,,,,,,
Thrichy maanagara kaavalthurai enna seithukondu erukkindrathu udane nadavadikkai edukkavum potta paadu pasangala kaithu sei,,,,,,,,,,,,,,,
Nee sekaram seathuduva potta nayea porambokku punda unnala aruthu savadikanum theavidiyaluku poranthavanea okka vittu sambathippa pola un v2la erukaravaggala athan kolluppu,,,,,,,,,,,,,,,
Theavidiya maganea potta padu mudittu vealaiya paru pool sapi,,,,,,,,,,,,,,,
First bus stand la 9 kaithatti paisa keka kudathunu oru rules kondu varanum oruthara appadi pesuraga people vedikai parkuthu intha thirunagai mela irukkura mariyathaiye pooche,,,,,,,,,,,,,,,
io samy 9kitta maatuna summa vituvangala,,,,,,,,,,,,,,,
orinai serkai oliya vendum,,,,,,,,,,,,,,,
Nasama pogum naduuu,,,,,,,,,,,,,,,
Dai avana ni.......ğŸ˜®,,,,,,,,,,,,,,,
Pudichi velutha sariya poidum,,,,,,,,,,,,,,,
@harish balajiÂ  neeyum 9 ah videos la iruka paithiyatha pathi pesuna unaku kovam varuthi,,,,,,,,,,,,,,,
@Atchu atchuÂ  otha Naanum pathutu iruka Suma operation pani 9 mari agurathu aripu adaka mudiyama aambala aambala pombala pombala sex panrathu elam kadavuluku iyarkai ku edhira panitu keta naanga panrathu thappu ila engaluku support pannanum government support venum nu oombitu irukurathu thelavari thanam panrathuku support vera pannanuma namma,,,,,,,,,,,,,,,
Ootha ithulam kooduma ; Eiyarkai Ku muran paduranga ; Oru nall anubavipinga Mela oruthan pathutu irukan maranthurathinga,,,,,,,,,,,,,,,
hotel la ellam easy room kedaikum gay to gay  & lesbian to lesbian - bisexual than konjam kasatam ellam jolly ah enjoy pannuga,,,,,,,,,,,,,,,
Idha pathu valara pora namma pasanga nelamaiya nenacha dhan bayama irukku.idha ippovae mudichidunum illana,,,,,,,,,,,,,,,
Enna kepanga? Unga veetla en ponnu kooda sex vachikura nu kepangala?,,,,,,,,,,,,,,,
@vijay visvasiÂ  lol innum nalla kolachikittey iru..un vaaythan naarasama pesuthu athunaala unnapethavathan periya pundaya irrupa.athanala ippadi oru baaram thevayilla poi senthidu.,,,,,,,,,,,,,,,
@Kadhayalla NijamÂ  ne saavu otha gay Punda mavane adichu saavadichuruva una,,,,,,,,,,,,,,,
@vijay visvasiÂ  ethukku unakku kodukanum..nee sethuthola,,,,,,,,,,,,,,,
@Kadhayalla NijamÂ  dey punda un number kudu saavadichuruva una,,,,,,,,,,,,,,,
Adichu thorathunga da,,,,,,,,,,,,,,,
Next animal s kum humansum marriage feeling s slluvaga ğŸ˜‚ğŸ˜‚thevidiya bt group z,,,,,,,,,,,,,,,
Mokka reasons solli kaamathai theerkum valiyai thedukirarkal iyarkai ku ethirana ethuvume thavaruthan,,,,,,,,,,,,,,,
@Kadhayalla NijamÂ  viluthuda gay koodhigala matamalayada poiduvinga neenga,,,,,,,,,,,,,,,
nanban praveen unnathan adikanym,,,,,,,,,,,,,,,
@vijay visvasiÂ  macha avan gay thevidiya dağŸ˜‚ğŸ˜‚,,,,,,,,,,,,,,,
@Kadhayalla NijamÂ  dey ne gay thana perumai ya soluveengale aprm en da bayapadra othuko ne gay thanu,,,,,,,,,,,,,,,
@Kadhayalla NijamÂ  thaa gay Punda Apo ne confirm gay tha,,,,,,,,,,,,,,,
Thooooooooo ğŸ’¦ğŸ’¦ğŸ’¦ğŸ’¦ğŸ’¦ğŸ’¦ğŸ’¦ğŸ’¦ğŸ’¦ğŸ’¦ğŸ’¦ğŸ’¦ğŸ’¦ğŸ’¦ğŸ’¦ğŸ’¦ğŸ’¦ğŸ’¦ğŸ’¦ECCHA AVUSAARINGLAA , THEVIDIYAA PUNDAINGLAA... KEDUKKETTADHUNGALUKKU PERUMAI VERA,,,,,,,,,,,,,,
Dei already ponnu kidaikala idhula idhu veraya daw,,,,,,,,,,,,,,,
Enna krumam da Idhu,,,,,,,,,,,,,,,
Vanagada gay kammunatingala,,,,,,,,,,,,,,,
Yathiku support pandringa appo unga Anna thmbi kuda valuinga la think paneparuinga,,,,,,,,,,,,,,,
Ulagam enge poguthu azhivu nichayam varapoguthu,,,,,,,,,,,,,,,
thirunangaigal panra kolai thirutu lam yean sollala, nee nalla vaalra athunala unakum onnum illa thirunangigal mukkavasi thirutu kumbal than..,,,,,,,,,,,,,,
Ne eduku pora punda nea potta mooditu erukaveandithu thana punda nadikkaadha de gomma,,,,,,,,,,,,,,,
Veara leavel Anna yarumea entha mathiri yeattukkala neenga atha paathi yeatuthurikkinga super anna ğŸ‘ŒğŸ‘ŒğŸ‘ŒğŸ‘ŒğŸ‘ŒğŸ‘ŒğŸ‘ŒğŸ‘ŒğŸ‘ŒğŸ‘ŒğŸ‘ŒğŸ‘Œlast aala vachuttiting akka neenga yeappothum happy ah erukkanum illarum akka I love you akka,,,,,,,,,,,,,,,
intha thevduya kothika en kita Ipadi pesuna ungotha iruka konjam sunnium  aruthuruven 9 punda thimiru kothi paru,,,,,,,,,,,,,,,
Adhukalugu 1rs,2rs potina poiruvalga ..edhukku pechu vangittu,,,,,,,,,,,,,,
seruppala adichi entha naaya road la ezuthutu poganum ...public yellam senthu adichey kollanum ombothu naaya ...ethugala mathiri aalalatha  yella thirunangaikalukum asingam ....seruppala adiga public ethugala,,,,,,,,,,,,,,,
Pichaai edupavarkaal kuda amma ayya thaayee en mariyathaai udaaan ketkirarkaaal ana evarkaaloooooo athatti miraatti kasaai parikum nabarkaaal....; Engalluku sama urimai vendiyum endru ketaal matrum patraathu athukku thakunthaar pol nadanthu kolla vendumm.... evarkaal edam erukkum thaaapa sariseithaaal pothum seri aki vidum.... andraadum nadakum sambavangal ethu.. eraavu pakaaal ena kastapatu poraaadi kasu serthaaal athai pudukngara varum kevalamana piravigaaal,,,,,,,,,,,,,,,
Pitchakara Moothevinga Train la Ukkara uda maatithunga Parathesinga thuu. Ithungaluku daily azha vendiyatha iruku,,,,,,,,,,,,,,,
Naanum intha mathiri kashta pattiruken intha naigalala,,,,,,,,,,,,,,,
Serupa alla ADI naramunda,,,,,,,,,,,,,,,
Ithungala serupala adichi jaila talAnum 9 potaigalA,,,,,,,,,,,,,,,
Ivananungala serupale atikanum,,,,,,,,,,,,,,,
Kuda poravanuga full ah ombodhu pasanga la da ,..adichu verattama pongal thinna mathiri ukanthu irukanuga,,,,,,,,,,,,,,
Adi thavidiya kakkurudhu picha ; Olunga kattu poodi,,,,,,,,,,,,,,,
Indha thevdiya tholla thanga mudila yella train laum Eri eri picha edukudhunga.....,,,,,,,,,,,,,,,
Serupa kalati adikanum..,,,,,,,,,,,,,,,
Kotha ,,,seruppula adichii police pudichi kodukkanum .....,,,,,,,,,,,,
Sharupala adikkunam Pisa karenay niga,,,,,,,,,,,,,,,
Evalungala aasinga paduthuradhula thppu ella chi,,,,,,,,,,,,,,,
Yenmunadi mattum yaracha  indha gomma 9thu pesirundha,,,, avala avlodha yarukutheriyama kathaiyavey mudichruva.... 9munda.....ora adi ideeeiiieee ata yerakirupa,,,,,,,,,,,
Yen kita pesi irudha savaadi adichi irupa naye,,,,,,,,,,,,,,,
ippdi iruntha approm.eppdi intha thevadiya pasangala mathikkratham.intha 9 pundaingala oru time busla vittu veluthu irukken ivlo per vedikkai pakringa mmm....,,,,,,,,,,,,,,,
Pichai edukkum thirunangai galey rosathia unga ullsppuuley varey kasukku vangi sapta nyayam.,,,,,,,,,,,,,,,
Public ellorum sernthu intha panningala vaaiya odaikanum,,,,,,,,,,,,,,,
Avala aduchu munchiya odachu irukkanum........evlovo nallavagalam irukkaga ..ippadi pannuravagalala than ella thirunangaikkum ketta peru?,,,,,,,,,,,,,,,
ada che evalukala kummala sernthu serupala adicha than,,,,,,,,,,,,,,,
Indha polapukku sethudunga daa 9dhu thevidiyaapasangalaa,,,,,,,,,,,,,,,
podi. 9 punda,,,,,,,,,,,,,,,
Venkat Raman ; 9 punda jinjuk poda vanthutan,,,,,,,,,,,,,,,
Ivangala vetti podanum ivangala ippadiye vittomna treinla nalla padiya engaium poga mudiyathu thevdiyamundaingala kathi eduthu vailiye vettanum,,,,,,,,,,,,,,,
Night fulla mater ku alaiuradhu day fulla pichaiku alaiuradhu idhula louds paaru potta p___a...,,,,,,,,,,,,,,,
Thevidiya naainga vandha sevula vidunga,,,,,,,,,,,,,,,
9 naiga ethugalailam ninka vatchu vettanum seruppulaiye atikkanum,,,,,,,,,,,,,,,
Nariya oombirupa pola potta thevidiya paiya omala vantha avalootha tuuu ğŸ—£ï¸,,,,,,,,,,,,,,,
@Nagarjun RajeshwaranÂ  à®¨à¯€ à®šà®ªà¯à®ªà®Ÿà®¾.......,,,,,,,,,,,,,,,
Unnaiylam savudikanum dii,,,,,,,,,,,,,,,
Lesbien kudhi nayai west culture namma naatuyai azhika podhu,,,,,,,,,,,,,,,
Ivaluku ennamo noi iruku...mental mari pesura,,,,,,,,,,,,,,,
vayathavira yellam pesuthu loosu loosu.muthiiii pochi.kovam than varuthuğŸ˜¡,,,,,,,,,,,,,,,
Yae paithiyakari different ah irukirom pesuromu perumai paaratha.. arivilathavalae,,,,,,,,,,,,,,,
avan ponnu Mathiri ye illa ye,,,,,,,,,,,,,,,
Innom konjo nalla adulteryum seiya sattam vanthurum pongada,,,,,,,,,,,,,,,
Ishvar Mahendiran apram avanga pesuna mathuri innaki judgement illegal affair legal ayiruchu...yepti ithuvum oru thani patta manusanoda feelings nu support pannunga.....apo kalam fulla nee enaku nan unaku nu commit anavanga roadla pogatum......,,,,,,,,,,,,,,,
Thambi nee  ponna paiyana...,,,,,,,,,,,,,,,
Gays and lesbians irundha unga aall mattum irundha podhum illa unnaku. amma, appa family vaennava pa.. ; Unnakku pakkathulla edhachi plant and animal irundha paran there live for others. 5 sense irukka adhuvae mathavangallu vallura appo. Ne 6 sense irukka person ne mathavagalukkaga vala venda but ne ipdi gay irukka karamana unnoda family kaga valalamae, avanga ista padi.. kudha aafis,,,,,,,,,,,,,
Ival oru demon because alleevin arambam,,,,,,,,,,,,,,,
Mersal dialogue update note my mark ethirkalathula oru ponnu kolandha pethukittalea atha ellarum athisaaiaama papanga pirapu enbatheaah illamal poividum manitha inathin alivu arambam,,,,,,,,,,,,,,,
8 min 30 sec la adhu yenna homosexual people India fullah  soldra apdi irundha yepdi population?,,,,,,,,,,,,,,,
Endi thevidiya punda sunni... Unga amma kuda poiyu padu,,,,,,,,,,,,,,,
But nee pesara tha paatha sema kaandu mayru aaguthu... 700 crore population irukara world la verum 20 crore lgbt... Periya punda mathri straight ahh thapu nu soldra paru... Unna road vechu burn pannanum di.... Kena koothi,,,,,,,,,,,,,,,
Ada chi saniyane po mental koodhi ....aambalaimga maathi maathi pool eh sappikonga pombalainga maathi maathi koodhi eh nakkikonga......vidhai epdi poda mudiyum kolandhai epdi porakum....idha ulagathila namba Onnu eh epdi vittu povom arivuketta naaye..; ; Idhalam oru pozhappu idhuku otha Periya pool Maari explanation chi thoo...; ; Naadu nakkinu dhaan po podhu,,,,,,,,,,,,,,,
Bro neenga nallavara kettavara..enaku oru doubt ithe marra uyiranagal gay lesbian pannungala ..ithu thappu ila natural ah kolantha porakurathu thanah nallathu,,,,,,,,,,,,,,,
un appavo ammavo lgbt ya irundhirundalo illai un unarvugal madhiri anaivarum possitivagovo illai negativagovo future la marianal neengal punidhama ninaikra indha manidha sorry lgbt community eppidiuruvagum; ; nammaku irukum indha vinodhamana against nature unarvugalukaga sooriyana matumo illa chandrana mattumey podbumnu sollamudiyathu thozhiye.....,,,,,,,,,,,,,,,
Ellam ok di, nee ethana ponnu sootha nakkuna, ethana ponnu koothiya naakku pootta nu solludi, vaala palam, carrot thaanağŸ˜¹ğŸ˜¹ğŸ˜¹ğŸ˜¹,,,,,,,,,,,
Apdina malini yum avanga amma vum sex vechu kaalam  malini avanga appa kooda yum malini sex vechukalam appram moonu per sendhum group sex vechukkalam enna karuma di ithu ithellam oru topic nu kamma veri puducha katteriya interview pannitu irukeenga,,,,,,,,,,,,,,,
Iva anaa allathu pennna or shemale???,,,,,,,,,,,,,,,
Naatuku Rombae mukkiyam...; Unnae podi nu solradhah illae poda nu solradhah.....nu therilae....; Confused,,,,,,,,,,,,,,,
evan epdi irupaan nu ini epdi theriyum? enna nu kalyanam panni vaazhradhu. mudiyala da saami,,,,,,,,,,,,,,,
Aids idhu Nala Thana vardhu,,,,,,,,,,,,,,,
Ithu homo sexual vachukitta varakoodya deseas..,,,,,,,,,,,,,,,
Kalli kalam ivungula mari aaluga naala tamil culture eh spoil aaga poguthu,,,,,,,,,,,,,,,
Poi treatment edu....vekam illaama. PesrA,,,,,,,,,,,,,,,
Neenga paiyana illa ponna?,,,,,,,,,,,,,,,
@weird à®¤à®®à®¿à®´à®©à¯Â  dai naye nalaki un kolandhainga generation la un ponu oru ponna love panran marriage pani veinu sona panni vepiya un family eh una kaari thuppun apa ne thukku potutu sathudu apa feel panuvan en Indian court itha allow panuchinu,,,,,,,,,,,,,,,
unga getup layae therithu unga amma appa ungala ponna valakala nu..... athoda velipaadu thaan ithu.... penmai izhantha pengalukku innoru pen mel kadhal varuvathu saathiyama....aana athai yerkamal, antha pennin HARMONAL kuraipattai seri seiya vendum...,,,,,,,,,,,,,,
Podi potta thevdiya,,,,,,,,,,,,,,,
intha polapuku thuku Matti sagalam ne mudikitu podi lusu,,,,,,,,,,,,,,,
Enaku oru doubt? neenga aambalaya pombalaya,,,,,,,,,,,,,,,
Onna acid  berella mukkuvendi,,,,,,,,,,,,,,,
worlds comes to end soon.... ivala madhiri koothiyelam mudhala tamil natta vitu veliya thorathuna pothum... un amma vera oruthi koda pooi iruntha ne irunthiruka mata,,,,,,,,,,,,,,,
Avan avan pundai poi parungadaw apuram vandhu adthavan pundai nakkalam,,,,,,,,,,,,,,,
@weird à®¤à®®à®¿à®´à®©à¯Â  yeppadi internet is nt nature....adala nallada vida keduthalanudu sollumbodu inda homosexuals nala keduthal varada..!?,,,,,,,,,,,,,,,
gaynu solringalae neenga payyanathan marriage pannibingala sollunga bro,,,,,,,,,,,,,,,
Gay love la yethu true,,,,,,,,,,,,,,,
Eallaamay pitthallaatum,poiyum,veshammumthaan!!!; SemmariaattuğŸ‘porvaielae ohnaiyaağŸºirukkuthengga!!!; Yaarummay ullaththa parkamaataangga!!!; Eallaamay veyli thottratthaiyum vayasum parkuraangga!!!; Idhuvaa Gay Love???ğŸ‘ˆğŸ˜¬ğŸ˜”ğŸ˜ª,,,,,,,,,,,,,
Appo transgender ellaam ugly ah?,,,,,,,,,,,,,,,
Neengalum transgender ah,,,,,,,,,,,,,,,
@Deepak SaravananÂ  poi oombu da Thevudiya Paiyaaa,,,,,,,,,,,,,,,
@Karthik RajaÂ  dei unna maari aalunga lam innum irukeengala ğŸ—£ğŸ’¦ğŸŒŠ da ...... ninga setha ellam seri aagidum da,,,,,,,,,,,,,,,
But Okka mudiyadhu..oomba dhan mudiyum ğŸ˜,,,,,,,,,,,,,,,
Transgender kita mogatha katti interview yeduthurkar ivarthanda ambala anchor indha mohatha katama interview yedukravangalla potta pasanga anchor velaya kevala paduthra potta naigal,,,,,,,,,,,,,,,
ADI arivu ketta mundamea payan ponoda saerathu matum than nature ithu asinga pidicha 1ru seyal,,,,,,,,,,,,,,,
Satan deceived u but one day u know that time no use kettu pona kedu ketta janmam nengalum kettu aduthavanayum kedukkathinga ungal prathipalam aids than dont spread aids,,,,,,,,,,,,,,,
nee pen thane yen aan vedathil irukiray ungaluke therium aan pen seruvathe iyarkai sudanthirathai thappa use pannatheenga pavam unga Amma APPA  unga parents lpgt ya irunthiruntha   un kevalamana petcha avasiyame irunthirukathu ungala uruvakurathukum aan pen than,,,,,,,,,,,,,,,
Ungaluku oru payan poranthu avan inoru payana kalyanam panra nelama varumbothu than therium adhoda Vali... Encourage pannathinga.. naadu nasama poirum...,,,,,,,,,,,,,,,
paiyan avanye mariyadhe kuduthu pesuran ..Iva edho don Mari panitiruka,,,,,,,,,,,,,,,
ambalaiya iruka asai padurala illa ambulaiya nadikirala,,,,,,,,,,,,,,,
Shunmuga Ganesh appa avana nee,,,,,,,,,,,,,,,
Idhu mutrilum kevalamanadhu.. Iyarkaiku ediranadu.. Idhu naatukum en ulagathukume kedu.,,,,,,,,,,,,,,,
Otha ni ambalaya pombalaya....?,,,,,,,,,,,,,,,
Punda Maari pesaathaa..poi treatment eduthuko,,,,,,,,,,,,,,,
a ethu padu kavalam d pu,,,,,,,,,,,,,,,
Nega pantrathu Thappu Atha sarinu vatham panathiga.. Kadavula Vida Nega unarvue padaithavargal Ella.. Athuku than aanuku pen Apdinu vechu erukaru ellana.. Pen ellamalo aan ellamalo padaichu erukalam...,,,,,,,,,,,,,,,
Ohh idhu ponna....; Pakka payan maari iruku,,,,,,,,,,,,,,,
enaku oru kelvi ,athaigam arivu padaitha ulakam therunja arivu jeevikal , nenga atharikara intha visiyathuku unga ammavo appavavo appati irunthiruntha ippa petitu iruka mantinga madam...nenga upgrade pantra melai nattu kalasaram, ungalai mattum malla oru samukathaiye alikarathu...,,,,,,,,,,,,
media nalla visiyankaluku eppavum irantam tharama than pakkarathu.ithu pola visiyankaluku  highlight panni society melum kelaiye poyutu iruku.pls nall visiyankaluku support pannunga,,,,,,,,,,,,,,,
Sistr kalacharatha kochcha paduththatjinga plz....; ; Ovvoru uyirayum aan pen jodiyaga padaithirukirean...hindu....yatharma weatham ; Naaam ovvoru aathumawayum emmai tharisikka jodiyaka boomiyil vithaithom.....karthar...yokan subisesam; Oru thuli vinthil irunthu name ummai padaithom aan pen jodiyaga emmai wali paduwathatkaha ...Al kuran ....; ; ; Ipdi wetham matham ethulayime oarina serkai I'lla apdi irukrapo puthusa onga moahathukaha ipdi watha thiramaya  mun waikayhinga sis,,,,,,,,,,,,,,,
Appo thappu illana ni oru naikittayo illa pannikkittayo sex vachikko,,,,,,,,,,,,,,,
Pappa onuku mudumai varumbodu ne vartha paduwa illa munadia noie vandu saguwa,,,,,,,,,,,,,,,
Lol who solra pathiume poi etha yepo nenga purinjuka poringalo theriyala .... eniku solra athe WHO naliku enonu solum... it's a imbalance in natural ...,,,,,,,,,,,,,,,
Ivalum avala irrupalo,,,,,,,,,,,,,,,
Podi paithiyakari unnayella innum vittu vachurukkanuvo paru,,,,,,,,,,,,,,,
NAALIKU  IVANGA  KOLAI  PANNURATHAIUM  SARINU  PESU  VANNGA.....,,,,,,,,,,,,,,,
Ava oru nay bro athan,,,,,,,,,,,,,,,
naye unna mari aaluga eruntha manitha iname alinjirum,,,,,,,,,,,,,,,
Ithu unnoda unarvu na atha nee mattum vachika itha correct nu nee veliya solla unuku thaguthi illa itha accept panra ambula oruthanukku porathurukka mattanga,,,,,,,,,,,,,,,
Enga pathalu pundainga ,aambalainga Kita palagave oru paiyanuku bayama irundhuchu ithana naala ..aana ipa 377 Vera thookitinga inimel gay thayolingaluku thokku maira iruku....idhuku indha lesbian Vera supportu,,,,,,,,,,,,,,
Unga feelings nanga thappa sollala,but romba encourage panna vendam adhu iyarkai alla,,,,,,,,,,,,,,
aduthu ennada animals kooda thana we support da che di ayyo che dadi..,,,,,,,,,,,,,,,
Pannura thaapa neyapaduthatha,,,,,,,,,,,,,,,
Praveen kumar entha kovil....namaku athula irukura meaninge teriyathu; ..avanga enna sollavarangannu debate panna athuve perusa pogum...377 oru sattam irunthathe ipo than terithu..apdi irukela tamil natla ethavathu oru villagela poi gay nu solli parunga ,avangaluku puriyathu..theryathu...village people than meiyallume namma culturah protect panravanga..,,,,,,,,,,,,,,
Koiyala iva ellaraiyum homer sexualized agituva...,,,,,,,,,,,,,,,
podi...sorry poda...ayyo podi/da..,,,,,,,,,,,,,,,
Podi loosu ! Its all against nature !,,,,,,,,,,,,,,,
@John DoeÂ  dei gay koothimagane un appanaiyum moodathaan paapiyaa appo nee.. Appo unaku unmaiyavare endha pasangalaum pudikala chinna vayasula edhu kaamamnu theriyama paartha adhu ok aana valarntha piragum appavaiye apadi dhaan paarpen nu sonna epdi,,,,,,,,,,,,,,,